{
  "config": {
    "run_name": "exp1_1",
    "out_dir": "./results",
    "seed": 42,
    "device": null,
    "bs_train": 128,
    "bs_test": 32,
    "batches": 100,
    "epochs": 100,
    "early_stopping": 8,
    "checkpoints": null,
    "lr": 0.001,
    "reg": 0.001,
    "filters_per_layer": [
      32
    ],
    "layers_per_block": 2,
    "pool_every": 1,
    "hidden_dims": [
      100
    ],
    "model_type": "cnn",
    "kw": {}
  },
  "results": {
    "num_epochs": 27,
    "train_loss": [
      1.6160478591918945,
      1.2998266220092773,
      1.1786935329437256,
      1.0887067317962646,
      1.0189356803894043,
      0.9646523594856262,
      0.9168038368225098,
      0.8761423230171204,
      0.8522312045097351,
      0.8076517581939697,
      0.7879296541213989,
      0.7642726302146912,
      0.7385330200195312,
      0.7162778377532959,
      0.6964277029037476,
      0.6771407127380371,
      0.653938889503479,
      0.6340816020965576,
      0.6183233857154846,
      0.5985442399978638,
      0.5838807821273804,
      0.5666494369506836,
      0.5479241609573364,
      0.5370160341262817,
      0.5263597965240479,
      0.5049538612365723,
      0.490966260433197
    ],
    "train_acc": [
      42.652,
      54.454,
      59.328,
      62.566,
      65.336,
      67.44,
      69.066,
      70.612,
      71.41,
      73.13,
      73.832,
      74.662,
      75.892,
      76.656,
      77.422,
      77.904,
      79.034,
      79.696,
      80.322,
      81.14,
      81.654,
      82.322,
      82.838,
      83.462,
      83.822,
      84.786,
      85.092
    ],
    "test_loss": [
      1.349567174911499,
      1.2514779567718506,
      1.137128472328186,
      1.1039001941680908,
      1.0336110591888428,
      1.0293363332748413,
      0.9719654321670532,
      0.9569851160049438,
      0.9153586626052856,
      0.9271318912506104,
      0.9060885310173035,
      0.8971213102340698,
      0.8817517757415771,
      0.8901786208152771,
      0.9118070006370544,
      0.8993216156959534,
      0.8862669467926025,
      0.8944647312164307,
      0.8472469449043274,
      0.8689120411872864,
      0.9196710586547852,
      0.8624724745750427,
      0.8950616121292114,
      0.9041153192520142,
      0.955636203289032,
      0.9074355959892273,
      0.9156647324562073
    ],
    "test_acc": [
      51.51,
      55.79,
      59.64,
      61.06,
      63.63,
      64.18,
      66.01,
      66.3,
      68.16,
      67.59,
      68.86,
      68.69,
      69.48,
      69.12,
      68.6,
      69.32,
      69.64,
      69.65,
      71.15,
      70.21,
      69.15,
      70.65,
      70.62,
      69.81,
      68.59,
      70.22,
      70.39
    ]
  }
}