{
  "config": {
    "run_name": "exp1_1",
    "out_dir": "./results",
    "seed": 42,
    "device": null,
    "bs_train": 128,
    "bs_test": 32,
    "batches": 100,
    "epochs": 100,
    "early_stopping": 8,
    "checkpoints": null,
    "lr": 0.001,
    "reg": 0.001,
    "filters_per_layer": [
      32
    ],
    "layers_per_block": 2,
    "pool_every": 1,
    "hidden_dims": [
      100
    ],
    "model_type": "cnn",
    "kw": {}
  },
  "results": {
    "num_epochs": 28,
    "train_loss": [
      1.5141170024871826,
      1.202000617980957,
      1.0582962036132812,
      0.9751383662223816,
      0.9119667410850525,
      0.8648634552955627,
      0.8225834369659424,
      0.7840543389320374,
      0.7525339722633362,
      0.7153723835945129,
      0.6883639097213745,
      0.6605509519577026,
      0.6306716799736023,
      0.6039983630180359,
      0.5785985589027405,
      0.5611274838447571,
      0.5350692868232727,
      0.5118711590766907,
      0.4902161955833435,
      0.47336259484291077,
      0.45585912466049194,
      0.43481573462486267,
      0.41798073053359985,
      0.40361908078193665,
      0.3919183611869812,
      0.375163197517395,
      0.36069807410240173,
      0.35012930631637573
    ],
    "train_acc": [
      47.382,
      58.954,
      64.268,
      67.576,
      69.622,
      71.676,
      73.314,
      74.864,
      76.034,
      77.468,
      78.788,
      79.616,
      80.894,
      82.054,
      82.94,
      83.914,
      84.836,
      85.544,
      86.662,
      87.272,
      88.038,
      88.812,
      89.476,
      90.088,
      90.62,
      91.29,
      91.754,
      92.25
    ],
    "test_loss": [
      1.2704367637634277,
      1.1618543863296509,
      1.0418479442596436,
      1.0142816305160522,
      0.9520297646522522,
      0.9333879947662354,
      0.9137057065963745,
      0.9097037315368652,
      0.8885101079940796,
      0.8914451599121094,
      0.8868439197540283,
      0.8849048614501953,
      0.8858422040939331,
      0.8869071006774902,
      0.9214298725128174,
      0.9026291370391846,
      0.8901761770248413,
      0.9595778584480286,
      0.9280803799629211,
      0.8974080085754395,
      0.9340700507164001,
      0.9332694411277771,
      0.9581772685050964,
      0.9515026807785034,
      0.9773113131523132,
      0.9478064179420471,
      0.9474209547042847,
      0.9760754704475403
    ],
    "test_acc": [
      54.55,
      58.65,
      63.41,
      64.82,
      66.26,
      67.64,
      68.16,
      68.19,
      69.09,
      68.9,
      69.14,
      70.07,
      69.31,
      69.32,
      68.01,
      69.16,
      70.05,
      67.28,
      68.81,
      70.23,
      69.38,
      69.12,
      68.92,
      68.77,
      68.31,
      69.02,
      69.56,
      69.0
    ]
  }
}