{
  "config": {
    "run_name": "exp1_4",
    "out_dir": "./results",
    "seed": 42,
    "device": null,
    "bs_train": 128,
    "bs_test": 32,
    "batches": 100,
    "epochs": 100,
    "early_stopping": 8,
    "checkpoints": null,
    "lr": 0.001,
    "reg": 0.001,
    "filters_per_layer": [
      32
    ],
    "layers_per_block": 8,
    "pool_every": 4,
    "hidden_dims": [
      100
    ],
    "model_type": "resnet",
    "kw": {}
  },
  "results": {
    "num_epochs": 34,
    "train_loss": [
      1.4615305662155151,
      1.0398036241531372,
      0.8994705677032471,
      0.8234325647354126,
      0.7623565196990967,
      0.7176640033721924,
      0.685846745967865,
      0.6508256793022156,
      0.6240634322166443,
      0.5999915599822998,
      0.580104410648346,
      0.5572826266288757,
      0.5472928881645203,
      0.5306985974311829,
      0.5120439529418945,
      0.49820488691329956,
      0.4931444823741913,
      0.47798624634742737,
      0.46486395597457886,
      0.46266505122184753,
      0.4509541094303131,
      0.43724125623703003,
      0.43201780319213867,
      0.4268893599510193,
      0.41351014375686646,
      0.4102720618247986,
      0.40766751766204834,
      0.3963484466075897,
      0.3905232548713684,
      0.3881683647632599,
      0.38387423753738403,
      0.3756387233734131,
      0.3716212511062622,
      0.37024128437042236
    ],
    "train_acc": [
      48.496,
      64.352,
      69.522,
      72.612,
      74.568,
      75.954,
      77.156,
      78.646,
      79.414,
      80.124,
      81.088,
      81.588,
      82.032,
      82.622,
      83.418,
      83.988,
      84.126,
      84.466,
      85.018,
      84.94,
      85.226,
      85.794,
      86.02,
      86.024,
      86.788,
      86.784,
      87.186,
      87.306,
      87.288,
      87.352,
      87.79,
      87.946,
      88.21,
      88.284
    ],
    "test_loss": [
      1.0839251279830933,
      0.9358853697776794,
      0.8355997204780579,
      0.8119520545005798,
      0.8225398063659668,
      0.7582473754882812,
      0.7380896210670471,
      0.7108556628227234,
      0.7273762226104736,
      0.7268853783607483,
      0.717011034488678,
      0.7367438077926636,
      0.7156489491462708,
      0.7044044733047485,
      0.7516375184059143,
      0.7186159491539001,
      0.7197640538215637,
      0.7406957745552063,
      0.7136960029602051,
      0.7388842105865479,
      0.742929220199585,
      0.7743151187896729,
      0.7752140164375305,
      0.7703028321266174,
      0.7294737100601196,
      0.7416198253631592,
      0.7824006080627441,
      0.7814229130744934,
      0.7892158031463623,
      0.8000777959823608,
      0.7842656970024109,
      0.8103207349777222,
      0.8113885521888733,
      0.7966316342353821
    ],
    "test_acc": [
      61.23,
      66.87,
      70.76,
      71.19,
      70.79,
      73.96,
      74.25,
      75.55,
      75.19,
      75.5,
      76.04,
      75.14,
      75.49,
      76.27,
      74.87,
      76.03,
      76.54,
      76.46,
      76.46,
      76.63,
      76.39,
      76.1,
      76.01,
      75.62,
      76.41,
      76.84,
      75.92,
      75.89,
      75.97,
      75.39,
      76.25,
      75.73,
      75.56,
      76.07
    ]
  }
}