{
  "config": {
    "run_name": "exp1_2",
    "out_dir": "./results",
    "seed": 42,
    "device": null,
    "bs_train": 128,
    "bs_test": 32,
    "batches": 100,
    "epochs": 100,
    "early_stopping": 8,
    "checkpoints": null,
    "lr": 0.001,
    "reg": 0.001,
    "filters_per_layer": [
      128
    ],
    "layers_per_block": 4,
    "pool_every": 2,
    "hidden_dims": [
      100
    ],
    "model_type": "cnn",
    "kw": {}
  },
  "results": {
    "num_epochs": 44,
    "train_loss": [
      2.3196699619293213,
      2.078275203704834,
      1.7452346086502075,
      1.5705814361572266,
      1.431471586227417,
      1.333174228668213,
      1.2596219778060913,
      1.215533971786499,
      1.1497544050216675,
      1.0811333656311035,
      1.0442447662353516,
      0.9900598526000977,
      0.9733054637908936,
      0.953142523765564,
      0.9288467168807983,
      0.8972036838531494,
      0.8839399218559265,
      0.8683189153671265,
      0.8467556834220886,
      0.8136876821517944,
      0.8124997615814209,
      0.7973303198814392,
      0.7932544946670532,
      0.7685585021972656,
      0.7622984051704407,
      0.7349280714988708,
      0.7132171988487244,
      0.7215147614479065,
      0.699565052986145,
      0.692232608795166,
      0.6789939999580383,
      0.6665231585502625,
      0.6634233593940735,
      0.6518382430076599,
      0.631738543510437,
      0.6239392757415771,
      0.6036276817321777,
      0.5962579250335693,
      0.5945150852203369,
      0.5736971497535706,
      0.5682346224784851,
      0.5538512468338013,
      0.5375674366950989,
      0.5353505611419678
    ],
    "train_acc": [
      10.472,
      24.276,
      38.62,
      45.322,
      51.75,
      55.834,
      58.892,
      60.756,
      63.368,
      66.152,
      67.95,
      69.734,
      70.49,
      71.562,
      72.322,
      73.478,
      73.884,
      74.78,
      75.476,
      76.862,
      76.976,
      77.604,
      77.744,
      78.328,
      78.828,
      79.642,
      80.548,
      80.406,
      81.146,
      81.718,
      82.124,
      82.692,
      82.802,
      83.472,
      84.124,
      84.504,
      85.216,
      85.604,
      85.744,
      86.626,
      86.948,
      87.288,
      87.94,
      88.188
    ],
    "test_loss": [
      2.3102355003356934,
      1.8378314971923828,
      1.645580530166626,
      1.4853687286376953,
      1.427608609199524,
      1.2678455114364624,
      1.2577158212661743,
      1.1945112943649292,
      1.120349407196045,
      1.0839312076568604,
      1.0489730834960938,
      1.0199955701828003,
      1.0329339504241943,
      1.0441535711288452,
      0.9880959987640381,
      0.9699499011039734,
      0.961694598197937,
      0.9529922008514404,
      0.9361359477043152,
      0.9638699889183044,
      0.9032726883888245,
      0.9679785370826721,
      0.9227063655853271,
      0.9158075451850891,
      0.8903872966766357,
      0.8871620893478394,
      0.8975138664245605,
      0.8823699355125427,
      0.9207112193107605,
      0.8401989340782166,
      0.839043378829956,
      0.8604270815849304,
      0.8841445446014404,
      0.8311514854431152,
      0.8303273916244507,
      0.8305429816246033,
      0.8387903571128845,
      0.8694154620170593,
      0.8397770524024963,
      0.8570134043693542,
      0.8418022394180298,
      0.8703688383102417,
      0.8735392093658447,
      0.8650789260864258
    ],
    "test_acc": [
      10.0,
      35.34,
      40.79,
      45.66,
      48.5,
      54.78,
      54.77,
      56.71,
      59.9,
      61.41,
      62.65,
      63.85,
      63.92,
      62.79,
      65.64,
      65.9,
      66.31,
      66.69,
      67.46,
      66.32,
      68.28,
      66.02,
      67.99,
      67.99,
      69.37,
      69.23,
      68.62,
      69.61,
      68.33,
      71.38,
      71.14,
      70.51,
      69.7,
      71.35,
      71.48,
      71.53,
      71.27,
      69.92,
      71.46,
      71.08,
      71.48,
      70.86,
      71.18,
      71.44
    ]
  }
}