{
  "config": {
    "run_name": "exp1_2",
    "out_dir": "./results",
    "seed": 42,
    "device": null,
    "bs_train": 128,
    "bs_test": 32,
    "batches": 100,
    "epochs": 100,
    "early_stopping": 8,
    "checkpoints": null,
    "lr": 0.001,
    "reg": 0.001,
    "filters_per_layer": [
      32
    ],
    "layers_per_block": 8,
    "pool_every": 4,
    "hidden_dims": [
      100
    ],
    "model_type": "cnn",
    "kw": {}
  },
  "results": {
    "num_epochs": 9,
    "train_loss": [
      2.3029425144195557,
      2.3027503490448,
      2.3027124404907227,
      2.3027114868164062,
      2.30269193649292,
      2.302717924118042,
      2.302708387374878,
      2.302680253982544,
      2.302684783935547
    ],
    "train_acc": [
      10.054,
      9.934,
      9.942,
      9.836,
      9.956,
      9.878,
      9.84,
      9.984,
      9.866
    ],
    "test_loss": [
      2.302734375,
      2.302605628967285,
      2.302600383758545,
      2.302595376968384,
      2.302595615386963,
      2.302603006362915,
      2.302596092224121,
      2.3026063442230225,
      2.302593946456909
    ],
    "test_acc": [
      10.0,
      10.0,
      10.0,
      10.0,
      10.0,
      10.0,
      10.0,
      10.0,
      10.0
    ]
  }
}