{
  "config": {
    "run_name": "exp1_1",
    "out_dir": "./results",
    "seed": 42,
    "device": null,
    "bs_train": 128,
    "bs_test": 32,
    "batches": 100,
    "epochs": 100,
    "early_stopping": 8,
    "checkpoints": null,
    "lr": 0.001,
    "reg": 0.001,
    "filters_per_layer": [
      32
    ],
    "layers_per_block": 16,
    "pool_every": 5,
    "hidden_dims": [
      100
    ],
    "model_type": "cnn",
    "kw": {}
  },
  "results": {
    "num_epochs": 9,
    "train_loss": [
      2.3033130168914795,
      2.3028111457824707,
      2.302759885787964,
      2.3027842044830322,
      2.3027350902557373,
      2.3026883602142334,
      2.3027052879333496,
      2.30271053314209,
      2.302689790725708
    ],
    "train_acc": [
      10.026,
      10.0,
      9.848,
      9.876,
      9.966,
      10.026,
      9.78,
      9.852,
      9.796
    ],
    "test_loss": [
      2.302760601043701,
      2.302684783935547,
      2.302647829055786,
      2.302605152130127,
      2.3026115894317627,
      2.302600860595703,
      2.3025918006896973,
      2.3025925159454346,
      2.3025941848754883
    ],
    "test_acc": [
      10.0,
      10.0,
      10.0,
      10.0,
      10.0,
      10.0,
      10.0,
      10.0,
      10.0
    ]
  }
}