{
  "config": {
    "run_name": "exp1_3",
    "out_dir": "./results",
    "seed": 42,
    "device": null,
    "bs_train": 128,
    "bs_test": 32,
    "batches": 100,
    "epochs": 100,
    "early_stopping": 8,
    "checkpoints": null,
    "lr": 0.001,
    "reg": 0.001,
    "filters_per_layer": [
      64,
      128
    ],
    "layers_per_block": 4,
    "pool_every": 2,
    "hidden_dims": [
      100
    ],
    "model_type": "cnn",
    "kw": {}
  },
  "results": {
    "num_epochs": 9,
    "train_loss": [
      2.3030200004577637,
      2.3028314113616943,
      2.3027544021606445,
      2.3027243614196777,
      2.302748680114746,
      2.3027281761169434,
      2.302715539932251,
      2.3027188777923584,
      2.3026797771453857
    ],
    "train_acc": [
      10.248,
      9.782,
      9.862,
      9.914,
      9.856,
      9.814,
      9.886,
      9.852,
      9.986
    ],
    "test_loss": [
      2.302863597869873,
      2.302638530731201,
      2.3026247024536133,
      2.3026254177093506,
      2.3026015758514404,
      2.302609443664551,
      2.302596092224121,
      2.3025918006896973,
      2.3026111125946045
    ],
    "test_acc": [
      10.0,
      10.0,
      10.0,
      10.0,
      10.0,
      10.0,
      10.0,
      10.0,
      10.0
    ]
  }
}