{
  "config": {
    "run_name": "exp1_1",
    "out_dir": "./results",
    "seed": 42,
    "device": null,
    "bs_train": 128,
    "bs_test": 32,
    "batches": 100,
    "epochs": 100,
    "early_stopping": 8,
    "checkpoints": null,
    "lr": 0.001,
    "reg": 0.001,
    "filters_per_layer": [
      64
    ],
    "layers_per_block": 4,
    "pool_every": 2,
    "hidden_dims": [
      100
    ],
    "model_type": "cnn",
    "kw": {}
  },
  "results": {
    "num_epochs": 23,
    "train_loss": [
      1.6391621828079224,
      1.2606775760650635,
      1.0733529329299927,
      0.9505309462547302,
      0.8456763625144958,
      0.7651902437210083,
      0.7034592628479004,
      0.6427983045578003,
      0.5877293348312378,
      0.5462523102760315,
      0.4946120083332062,
      0.4595513343811035,
      0.413763165473938,
      0.3814888596534729,
      0.3409610092639923,
      0.3097887635231018,
      0.2818019986152649,
      0.2577262222766876,
      0.24334797263145447,
      0.22490420937538147,
      0.19722074270248413,
      0.20681925117969513,
      0.183719664812088
    ],
    "train_acc": [
      41.598,
      56.402,
      63.646,
      68.214,
      72.148,
      75.03,
      77.524,
      79.58,
      82.026,
      83.63,
      85.468,
      86.984,
      88.674,
      89.84,
      91.442,
      92.602,
      93.894,
      94.71,
      95.252,
      95.834,
      96.606,
      96.54,
      97.234
    ],
    "test_loss": [
      1.3821910619735718,
      1.136717438697815,
      1.068649411201477,
      0.9621506929397583,
      0.888698399066925,
      0.867119312286377,
      0.8859837055206299,
      0.8174569606781006,
      0.8126193881034851,
      0.8513026237487793,
      0.8387957811355591,
      0.8643386363983154,
      0.9297448992729187,
      0.8716628551483154,
      0.9326744079589844,
      0.952976405620575,
      1.055737018585205,
      1.0042788982391357,
      1.067571759223938,
      1.0852999687194824,
      1.1725188493728638,
      1.1460862159729004,
      1.1956113576889038
    ],
    "test_acc": [
      50.47,
      59.32,
      61.83,
      65.93,
      68.75,
      70.01,
      69.53,
      72.03,
      72.25,
      71.92,
      72.21,
      71.68,
      70.42,
      72.39,
      72.51,
      71.32,
      70.94,
      72.2,
      71.39,
      70.75,
      71.49,
      71.98,
      70.21
    ]
  }
}