{
  "config": {
    "run_name": "exp1_4",
    "out_dir": "./results",
    "seed": 42,
    "device": null,
    "bs_train": 128,
    "bs_test": 32,
    "batches": 100,
    "epochs": 100,
    "early_stopping": 8,
    "checkpoints": null,
    "lr": 0.001,
    "reg": 0.001,
    "filters_per_layer": [
      64,
      128,
      256
    ],
    "layers_per_block": 2,
    "pool_every": 1,
    "hidden_dims": [
      100
    ],
    "model_type": "cnn",
    "kw": {}
  },
  "results": {
    "num_epochs": 9,
    "train_loss": [
      2.3028953075408936,
      2.3027710914611816,
      2.302715539932251,
      2.302718162536621,
      2.30271577835083,
      2.3026888370513916,
      2.302682638168335,
      2.3026926517486572,
      2.3026907444000244
    ],
    "train_acc": [
      10.006,
      9.868,
      9.856,
      9.824,
      9.818,
      9.914,
      9.938,
      9.768,
      9.912
    ],
    "test_loss": [
      2.3026986122131348,
      2.3026108741760254,
      2.302600860595703,
      2.302598714828491,
      2.302586555480957,
      2.3025975227355957,
      2.3025898933410645,
      2.3025877475738525,
      2.3025949001312256
    ],
    "test_acc": [
      10.0,
      10.0,
      10.0,
      10.0,
      10.0,
      10.0,
      10.0,
      10.0,
      10.0
    ]
  }
}