{
  "config": {
    "run_name": "exp1_4",
    "out_dir": "./results",
    "seed": 42,
    "device": null,
    "bs_train": 128,
    "bs_test": 32,
    "batches": 100,
    "epochs": 100,
    "early_stopping": 8,
    "checkpoints": null,
    "lr": 0.001,
    "reg": 0.001,
    "filters_per_layer": [
      64,
      128,
      256
    ],
    "layers_per_block": 4,
    "pool_every": 2,
    "hidden_dims": [
      100
    ],
    "model_type": "cnn",
    "kw": {}
  },
  "results": {
    "num_epochs": 9,
    "train_loss": [
      2.3030736446380615,
      2.3027892112731934,
      2.3027358055114746,
      2.3027408123016357,
      2.3027002811431885,
      2.3027141094207764,
      2.302713632583618,
      2.302700996398926,
      2.3026812076568604
    ],
    "train_acc": [
      9.98,
      9.938,
      9.87,
      9.866,
      9.858,
      9.858,
      9.482,
      10.032,
      9.746
    ],
    "test_loss": [
      2.3026604652404785,
      2.3026328086853027,
      2.302625894546509,
      2.302602767944336,
      2.302612543106079,
      2.302598237991333,
      2.302596092224121,
      2.3025963306427,
      2.302597999572754
    ],
    "test_acc": [
      10.0,
      10.0,
      10.0,
      10.0,
      10.0,
      10.0,
      10.0,
      10.0,
      10.0
    ]
  }
}