{
  "config": {
    "run_name": "exp1_2",
    "out_dir": "./results",
    "seed": 42,
    "device": null,
    "bs_train": 128,
    "bs_test": 32,
    "batches": 100,
    "epochs": 100,
    "early_stopping": 8,
    "checkpoints": null,
    "lr": 0.001,
    "reg": 0.001,
    "filters_per_layer": [
      64
    ],
    "layers_per_block": 4,
    "pool_every": 2,
    "hidden_dims": [
      100
    ],
    "model_type": "cnn",
    "kw": {}
  },
  "results": {
    "num_epochs": 20,
    "train_loss": [
      1.6375560760498047,
      1.2509994506835938,
      1.0524457693099976,
      0.931228756904602,
      0.8326847553253174,
      0.7526941299438477,
      0.6922213435173035,
      0.6377936601638794,
      0.5821641087532043,
      0.5355027914047241,
      0.4890292286872864,
      0.44258636236190796,
      0.4051440358161926,
      0.3688455820083618,
      0.33240002393722534,
      0.2970463037490845,
      0.28044769167900085,
      0.2488274872303009,
      0.23836563527584076,
      0.21787357330322266
    ],
    "train_acc": [
      41.892,
      56.738,
      64.476,
      68.96,
      72.698,
      75.566,
      77.936,
      79.908,
      82.176,
      83.794,
      85.654,
      87.554,
      88.996,
      90.324,
      91.908,
      93.174,
      93.826,
      94.954,
      95.39,
      96.05
    ],
    "test_loss": [
      1.380664587020874,
      1.1318880319595337,
      1.0397944450378418,
      0.9320047497749329,
      0.8721626400947571,
      0.8621416687965393,
      0.9070284962654114,
      0.8260669708251953,
      0.8470736742019653,
      0.8188051581382751,
      0.8240002393722534,
      0.8586013913154602,
      0.8709282875061035,
      0.8752989172935486,
      0.9320238828659058,
      0.9879501461982727,
      0.9862494468688965,
      1.0522468090057373,
      1.0736397504806519,
      1.0719364881515503
    ],
    "test_acc": [
      50.41,
      60.09,
      62.49,
      66.97,
      69.53,
      70.09,
      68.39,
      71.76,
      71.2,
      72.35,
      72.67,
      72.95,
      72.33,
      72.58,
      71.68,
      71.29,
      72.16,
      71.77,
      70.51,
      71.68
    ]
  }
}