{
  "config": {
    "run_name": "exp1_1",
    "out_dir": "./results",
    "seed": 42,
    "device": null,
    "bs_train": 128,
    "bs_test": 32,
    "batches": 100,
    "epochs": 100,
    "early_stopping": 8,
    "checkpoints": null,
    "lr": 0.001,
    "reg": 0.001,
    "filters_per_layer": [
      32
    ],
    "layers_per_block": 2,
    "pool_every": 1,
    "hidden_dims": [
      100
    ],
    "model_type": "cnn",
    "kw": {}
  },
  "results": {
    "num_epochs": 25,
    "train_loss": [
      1.514114260673523,
      1.2019256353378296,
      1.058234691619873,
      0.9751930236816406,
      0.911917507648468,
      0.8648737072944641,
      0.8225584030151367,
      0.7839617729187012,
      0.752443253993988,
      0.7152969837188721,
      0.6884273886680603,
      0.6602762937545776,
      0.6303765773773193,
      0.6036380529403687,
      0.578279435634613,
      0.5612596273422241,
      0.5346471667289734,
      0.511618971824646,
      0.4898274838924408,
      0.47324323654174805,
      0.4554736912250519,
      0.4344305098056793,
      0.41766291856765747,
      0.40341058373451233,
      0.39130014181137085
    ],
    "train_acc": [
      47.378,
      58.954,
      64.262,
      67.596,
      69.604,
      71.628,
      73.3,
      74.886,
      75.998,
      77.48,
      78.826,
      79.648,
      80.904,
      82.068,
      82.926,
      83.968,
      84.892,
      85.594,
      86.644,
      87.37,
      88.082,
      88.81,
      89.48,
      90.13,
      90.632
    ],
    "test_loss": [
      1.2705799341201782,
      1.16140878200531,
      1.0415703058242798,
      1.013547420501709,
      0.951880693435669,
      0.9335215091705322,
      0.9135875701904297,
      0.9098716378211975,
      0.8888272643089294,
      0.8909876942634583,
      0.8870458602905273,
      0.8843877911567688,
      0.8858405351638794,
      0.8867242932319641,
      0.9217187166213989,
      0.9045307636260986,
      0.889471173286438,
      0.9565494656562805,
      0.9277535676956177,
      0.8985630869865417,
      0.9341145753860474,
      0.9318807721138,
      0.9583277702331543,
      0.9521501064300537,
      0.9777330756187439
    ],
    "test_acc": [
      54.54,
      58.67,
      63.46,
      64.88,
      66.24,
      67.69,
      68.17,
      68.16,
      69.05,
      69.01,
      69.09,
      70.09,
      69.4,
      69.28,
      67.88,
      69.08,
      70.1,
      67.35,
      68.58,
      70.1,
      69.37,
      69.17,
      68.7,
      68.7,
      68.49
    ]
  }
}