{
  "config": {
    "run_name": "exp1_2",
    "out_dir": "./results",
    "seed": 42,
    "device": null,
    "bs_train": 128,
    "bs_test": 32,
    "batches": 100,
    "epochs": 100,
    "early_stopping": 8,
    "checkpoints": null,
    "lr": 0.001,
    "reg": 0.001,
    "filters_per_layer": [
      128
    ],
    "layers_per_block": 4,
    "pool_every": 2,
    "hidden_dims": [
      100
    ],
    "model_type": "cnn",
    "kw": {}
  },
  "results": {
    "num_epochs": 17,
    "train_loss": [
      1.6141085624694824,
      1.1410236358642578,
      0.9302091002464294,
      0.80954909324646,
      0.7149255275726318,
      0.6378512382507324,
      0.5722765922546387,
      0.510299563407898,
      0.45877090096473694,
      0.4129658639431,
      0.36835595965385437,
      0.32893767952919006,
      0.29549556970596313,
      0.26637575030326843,
      0.24084529280662537,
      0.22292572259902954,
      0.19771192967891693
    ],
    "train_acc": [
      42.688,
      61.078,
      69.284,
      73.808,
      77.412,
      80.54,
      82.868,
      85.248,
      87.19,
      88.898,
      90.778,
      92.244,
      93.536,
      94.45,
      95.444,
      96.134,
      96.906
    ],
    "test_loss": [
      1.2600867748260498,
      1.072826862335205,
      0.8960223197937012,
      0.8345458507537842,
      0.796131432056427,
      0.7641589045524597,
      0.7683692574501038,
      0.7761542797088623,
      0.7393427491188049,
      0.7716015577316284,
      0.7996118068695068,
      0.7960657477378845,
      0.8680894374847412,
      0.8653558492660522,
      0.9065415859222412,
      0.9055280685424805,
      0.9463924169540405
    ],
    "test_acc": [
      54.74,
      61.42,
      68.4,
      70.48,
      72.41,
      73.51,
      73.91,
      74.26,
      75.33,
      74.87,
      74.39,
      74.88,
      74.19,
      74.44,
      74.71,
      74.19,
      74.39
    ]
  }
}