{
  "config": {
    "run_name": "exp1_1",
    "out_dir": "./results",
    "seed": 42,
    "device": null,
    "bs_train": 128,
    "bs_test": 32,
    "batches": 100,
    "epochs": 100,
    "early_stopping": 8,
    "checkpoints": null,
    "lr": 0.001,
    "reg": 0.001,
    "filters_per_layer": [
      64
    ],
    "layers_per_block": 8,
    "pool_every": 4,
    "hidden_dims": [
      100
    ],
    "model_type": "cnn",
    "kw": {}
  },
  "results": {
    "num_epochs": 19,
    "train_loss": [
      1.5994384288787842,
      1.13142991065979,
      0.9650006890296936,
      0.8602806329727173,
      0.7843707203865051,
      0.7199210524559021,
      0.6624299883842468,
      0.6110382080078125,
      0.5550685524940491,
      0.5109947323799133,
      0.4708907902240753,
      0.4380143880844116,
      0.39794179797172546,
      0.36789947748184204,
      0.3477119505405426,
      0.32229435443878174,
      0.30017325282096863,
      0.2879661023616791,
      0.26596400141716003
    ],
    "train_acc": [
      44.592,
      63.898,
      70.592,
      74.464,
      77.476,
      80.074,
      82.208,
      84.466,
      86.644,
      88.302,
      89.874,
      91.272,
      92.824,
      93.848,
      94.598,
      95.428,
      96.242,
      96.524,
      97.19
    ],
    "test_loss": [
      1.242091178894043,
      1.0337632894515991,
      0.9913696646690369,
      0.9041178226470947,
      0.8579862713813782,
      0.8531947135925293,
      0.8591758608818054,
      0.8658008575439453,
      0.8510875701904297,
      0.8458172678947449,
      0.8434302806854248,
      0.9167954325675964,
      0.8631869554519653,
      0.8800584673881531,
      0.9812895059585571,
      0.912429928779602,
      0.9295295476913452,
      0.9607676267623901,
      0.9722785949707031
    ],
    "test_acc": [
      55.87,
      63.48,
      65.37,
      68.19,
      70.04,
      70.18,
      70.21,
      70.69,
      70.93,
      71.75,
      71.98,
      70.67,
      71.9,
      71.56,
      69.53,
      71.4,
      71.29,
      70.09,
      70.72
    ]
  }
}