{
  "config": {
    "run_name": "exp1_1",
    "out_dir": "./results",
    "seed": 42,
    "device": null,
    "bs_train": 128,
    "bs_test": 32,
    "batches": 100,
    "epochs": 100,
    "early_stopping": 8,
    "checkpoints": null,
    "lr": 0.001,
    "reg": 0.001,
    "filters_per_layer": [
      32
    ],
    "layers_per_block": 16,
    "pool_every": 5,
    "hidden_dims": [
      100
    ],
    "model_type": "cnn",
    "kw": {}
  },
  "results": {
    "num_epochs": 9,
    "train_loss": [
      2.3033134937286377,
      2.3028111457824707,
      2.302759885787964,
      2.302783966064453,
      2.3027350902557373,
      2.3026883602142334,
      2.3027050495147705,
      2.3027102947235107,
      2.302689552307129
    ],
    "train_acc": [
      10.046,
      9.986,
      9.848,
      9.876,
      9.966,
      10.026,
      9.78,
      9.86,
      9.776
    ],
    "test_loss": [
      2.3027613162994385,
      2.302684783935547,
      2.302647829055786,
      2.302605152130127,
      2.3026115894317627,
      2.302600860595703,
      2.3025920391082764,
      2.3025927543640137,
      2.302593946456909
    ],
    "test_acc": [
      10.0,
      10.0,
      10.0,
      10.0,
      10.0,
      10.0,
      10.0,
      10.0,
      10.0
    ]
  }
}