{
  "config": {
    "run_name": "exp1_2",
    "out_dir": "./results",
    "seed": 42,
    "device": null,
    "bs_train": 128,
    "bs_test": 32,
    "batches": 100,
    "epochs": 100,
    "early_stopping": 8,
    "checkpoints": null,
    "lr": 0.001,
    "reg": 0.001,
    "filters_per_layer": [
      32
    ],
    "layers_per_block": 4,
    "pool_every": 2,
    "hidden_dims": [
      100
    ],
    "model_type": "cnn",
    "kw": {}
  },
  "results": {
    "num_epochs": 28,
    "train_loss": [
      1.718859076499939,
      1.3706557750701904,
      1.1908304691314697,
      1.0860079526901245,
      0.9940473437309265,
      0.9241688847541809,
      0.8620914220809937,
      0.8103644847869873,
      0.7630151510238647,
      0.7219398021697998,
      0.6928846836090088,
      0.6501590609550476,
      0.6124181747436523,
      0.5793029069900513,
      0.5516672134399414,
      0.5120190382003784,
      0.4937276244163513,
      0.4614827036857605,
      0.4344072937965393,
      0.4157610535621643,
      0.3874969482421875,
      0.36167559027671814,
      0.3436560332775116,
      0.3356063663959503,
      0.30463823676109314,
      0.28948938846588135,
      0.2765560746192932,
      0.26535043120384216
    ],
    "train_acc": [
      38.114,
      51.38,
      58.826,
      63.164,
      66.34,
      69.254,
      71.424,
      73.228,
      74.776,
      76.398,
      77.466,
      79.048,
      80.486,
      81.798,
      82.74,
      84.338,
      84.93,
      86.284,
      87.264,
      88.116,
      89.162,
      90.038,
      90.952,
      91.25,
      92.254,
      92.844,
      93.428,
      93.836
    ],
    "test_loss": [
      1.4500359296798706,
      1.2529691457748413,
      1.2102094888687134,
      1.1559851169586182,
      0.998261570930481,
      0.9811530113220215,
      0.9147173166275024,
      0.8849141001701355,
      0.9260765910148621,
      0.8817176818847656,
      0.8549901843070984,
      0.8469477295875549,
      0.8495379686355591,
      0.8480919599533081,
      0.9236488938331604,
      0.8950552940368652,
      0.9044238328933716,
      0.9035505652427673,
      0.92830491065979,
      0.9239859580993652,
      0.9802317023277283,
      1.009446144104004,
      1.078690528869629,
      1.0215128660202026,
      1.0268913507461548,
      1.0929402112960815,
      1.1311594247817993,
      1.1725308895111084
    ],
    "test_acc": [
      47.03,
      54.29,
      56.87,
      58.45,
      64.55,
      65.53,
      68.09,
      68.85,
      67.45,
      69.5,
      70.22,
      70.46,
      70.63,
      71.13,
      70.43,
      70.75,
      70.82,
      71.11,
      71.04,
      71.47,
      70.61,
      69.99,
      70.28,
      71.02,
      70.82,
      70.04,
      69.88,
      69.86
    ]
  }
}