{
  "config": {
    "run_name": "exp1_1",
    "out_dir": "./results",
    "seed": 42,
    "device": null,
    "bs_train": 128,
    "bs_test": 32,
    "batches": 100,
    "epochs": 100,
    "early_stopping": 8,
    "checkpoints": null,
    "lr": 0.001,
    "reg": 0.001,
    "filters_per_layer": [
      64
    ],
    "layers_per_block": 2,
    "pool_every": 1,
    "hidden_dims": [
      100
    ],
    "model_type": "cnn",
    "kw": {}
  },
  "results": {
    "num_epochs": 21,
    "train_loss": [
      1.4374568462371826,
      1.1018385887145996,
      0.9821341037750244,
      0.9060711860656738,
      0.8542367219924927,
      0.8093847036361694,
      0.7750110626220703,
      0.732655942440033,
      0.6983312964439392,
      0.6699138879776001,
      0.634374737739563,
      0.6017052531242371,
      0.5784945487976074,
      0.5548838376998901,
      0.5269304513931274,
      0.5037484169006348,
      0.47472652792930603,
      0.46422579884529114,
      0.43427470326423645,
      0.418103963136673,
      0.403226375579834
    ],
    "train_acc": [
      50.786,
      63.33,
      68.042,
      70.644,
      72.778,
      74.488,
      75.886,
      77.316,
      78.66,
      80.178,
      81.436,
      82.802,
      83.74,
      84.644,
      85.838,
      86.712,
      88.006,
      88.48,
      89.426,
      90.362,
      90.784
    ],
    "test_loss": [
      1.2024085521697998,
      1.0463083982467651,
      1.0322197675704956,
      0.9445528388023376,
      0.9295580983161926,
      0.9055342078208923,
      0.9069409966468811,
      0.9314370155334473,
      0.8993384838104248,
      0.8745368719100952,
      0.8923249244689941,
      0.9195933938026428,
      0.8759782910346985,
      0.9000215530395508,
      0.9083030223846436,
      0.8936125040054321,
      0.9031738638877869,
      0.9180281162261963,
      0.900498628616333,
      0.9246936440467834,
      0.9289922118186951
    ],
    "test_acc": [
      57.75,
      62.99,
      63.62,
      66.78,
      66.79,
      68.66,
      68.24,
      67.68,
      68.69,
      69.81,
      69.57,
      68.81,
      70.2,
      69.59,
      68.9,
      69.54,
      69.04,
      69.26,
      70.12,
      69.09,
      69.15
    ]
  }
}