{
  "config": {
    "run_name": "exp1_4",
    "out_dir": "./results",
    "seed": 42,
    "device": null,
    "bs_train": 128,
    "bs_test": 32,
    "batches": 100,
    "epochs": 100,
    "early_stopping": 8,
    "checkpoints": null,
    "lr": 0.001,
    "reg": 0.001,
    "filters_per_layer": [
      64,
      128,
      256
    ],
    "layers_per_block": 2,
    "pool_every": 1,
    "hidden_dims": [
      100
    ],
    "model_type": "resnet",
    "kw": {}
  },
  "results": {
    "num_epochs": 25,
    "train_loss": [
      1.4980558156967163,
      1.0842344760894775,
      0.8886010050773621,
      0.7737770080566406,
      0.6947025060653687,
      0.6445557475090027,
      0.5985007286071777,
      0.5587368011474609,
      0.5325897336006165,
      0.5041715502738953,
      0.48274147510528564,
      0.46123775839805603,
      0.43908947706222534,
      0.4322880208492279,
      0.41647765040397644,
      0.39524656534194946,
      0.38111600279808044,
      0.3739161193370819,
      0.36291778087615967,
      0.35140788555145264,
      0.33999231457710266,
      0.3326035141944885,
      0.323192298412323,
      0.3136259913444519,
      0.3036981523036957
    ],
    "train_acc": [
      47.136,
      63.532,
      71.018,
      75.258,
      78.254,
      80.164,
      81.672,
      82.724,
      83.978,
      84.804,
      85.632,
      86.306,
      87.188,
      87.426,
      87.95,
      88.594,
      89.026,
      89.266,
      89.67,
      89.898,
      90.446,
      90.482,
      91.01,
      91.23,
      91.394
    ],
    "test_loss": [
      1.4106639623641968,
      0.9985346794128418,
      0.8726986646652222,
      0.7452279925346375,
      0.8422371745109558,
      0.7335132360458374,
      0.67099928855896,
      0.6869583129882812,
      0.68636155128479,
      0.6945405006408691,
      0.6242205500602722,
      0.6305448412895203,
      0.6898364424705505,
      0.6444037556648254,
      0.6399548649787903,
      0.6360282301902771,
      0.6199475526809692,
      0.6363722681999207,
      0.7041381597518921,
      0.7106090784072876,
      0.6582347750663757,
      0.7252088785171509,
      0.6229488849639893,
      0.6853426098823547,
      0.6748082637786865
    ],
    "test_acc": [
      50.28,
      64.01,
      69.18,
      74.09,
      71.2,
      74.82,
      77.04,
      76.08,
      76.44,
      76.51,
      78.93,
      78.46,
      76.75,
      78.24,
      79.09,
      79.17,
      79.75,
      79.0,
      77.74,
      77.92,
      78.68,
      76.95,
      79.45,
      78.28,
      78.74
    ]
  }
}