{
  "config": {
    "run_name": "exp1_2",
    "out_dir": "./results",
    "seed": 42,
    "device": null,
    "bs_train": 128,
    "bs_test": 32,
    "batches": 100,
    "epochs": 100,
    "early_stopping": 8,
    "checkpoints": null,
    "lr": 0.001,
    "reg": 0.001,
    "filters_per_layer": [
      64
    ],
    "layers_per_block": 8,
    "pool_every": 4,
    "hidden_dims": [
      100
    ],
    "model_type": "cnn",
    "kw": {}
  },
  "results": {
    "num_epochs": 9,
    "train_loss": [
      2.3033597469329834,
      2.302809000015259,
      2.3027310371398926,
      2.3027477264404297,
      2.3027119636535645,
      2.3027055263519287,
      2.302703380584717,
      2.302696466445923,
      2.302708148956299
    ],
    "train_acc": [
      10.01,
      9.98,
      9.848,
      9.722,
      10.084,
      9.928,
      9.992,
      9.888,
      9.736
    ],
    "test_loss": [
      2.3029544353485107,
      2.302654981613159,
      2.302604913711548,
      2.3026018142700195,
      2.302621364593506,
      2.302600860595703,
      2.3025949001312256,
      2.30259370803833,
      2.302593231201172
    ],
    "test_acc": [
      10.0,
      10.0,
      10.0,
      10.0,
      10.0,
      10.0,
      10.0,
      10.0,
      10.0
    ]
  }
}