{
  "config": {
    "run_name": "exp1_2",
    "out_dir": "./results",
    "seed": 42,
    "device": null,
    "bs_train": 128,
    "bs_test": 32,
    "batches": 100,
    "epochs": 100,
    "early_stopping": 8,
    "checkpoints": null,
    "lr": 0.001,
    "reg": 0.001,
    "filters_per_layer": [
      32
    ],
    "layers_per_block": 2,
    "pool_every": 1,
    "hidden_dims": [
      100
    ],
    "model_type": "cnn",
    "kw": {}
  },
  "results": {
    "num_epochs": 28,
    "train_loss": [
      1.5140960216522217,
      1.2019622325897217,
      1.0582220554351807,
      0.9750882983207703,
      0.9118710160255432,
      0.8648160099983215,
      0.8225696086883545,
      0.7840108871459961,
      0.7525032162666321,
      0.7153615951538086,
      0.6882495284080505,
      0.6603822112083435,
      0.6307020783424377,
      0.6037879586219788,
      0.578369140625,
      0.5612573027610779,
      0.5348755717277527,
      0.5118268728256226,
      0.4900709390640259,
      0.4729803800582886,
      0.4555877447128296,
      0.4346392750740051,
      0.4176020324230194,
      0.40324655175209045,
      0.39163848757743835,
      0.3747577667236328,
      0.3608190715312958,
      0.3501175045967102
    ],
    "train_acc": [
      47.374,
      58.964,
      64.29,
      67.57,
      69.634,
      71.65,
      73.304,
      74.84,
      76.052,
      77.436,
      78.77,
      79.584,
      80.878,
      82.044,
      82.896,
      83.926,
      84.908,
      85.524,
      86.626,
      87.34,
      88.062,
      88.796,
      89.46,
      90.118,
      90.684,
      91.292,
      91.752,
      92.33
    ],
    "test_loss": [
      1.2706197500228882,
      1.1618889570236206,
      1.041593074798584,
      1.0141552686691284,
      0.9517391920089722,
      0.9333746433258057,
      0.9138675928115845,
      0.9095962047576904,
      0.888931393623352,
      0.8921141028404236,
      0.8872659802436829,
      0.8849490284919739,
      0.8856707811355591,
      0.8878666162490845,
      0.9220693111419678,
      0.9036420583724976,
      0.8902876377105713,
      0.9577355980873108,
      0.927929162979126,
      0.8970077633857727,
      0.9330929517745972,
      0.933710515499115,
      0.9588475823402405,
      0.9504573941230774,
      0.9778778553009033,
      0.945802628993988,
      0.9492093920707703,
      0.9724485278129578
    ],
    "test_acc": [
      54.52,
      58.62,
      63.43,
      64.81,
      66.19,
      67.65,
      68.12,
      68.22,
      69.1,
      69.01,
      69.15,
      70.06,
      69.3,
      69.32,
      67.96,
      69.1,
      70.08,
      67.38,
      68.78,
      70.15,
      69.4,
      69.16,
      68.87,
      68.92,
      68.37,
      69.08,
      69.36,
      69.09
    ]
  }
}