{
  "config": {
    "run_name": "exp1_4",
    "out_dir": "./results",
    "seed": 42,
    "device": null,
    "bs_train": 128,
    "bs_test": 32,
    "batches": 100,
    "epochs": 100,
    "early_stopping": 8,
    "checkpoints": null,
    "lr": 0.001,
    "reg": 0.001,
    "filters_per_layer": [
      64,
      128,
      256
    ],
    "layers_per_block": 4,
    "pool_every": 2,
    "hidden_dims": [
      100
    ],
    "model_type": "resnet",
    "kw": {}
  },
  "results": {
    "num_epochs": 33,
    "train_loss": [
      1.396718144416809,
      0.9280015230178833,
      0.7384522557258606,
      0.6506728529930115,
      0.5912768840789795,
      0.5496240258216858,
      0.5144841074943542,
      0.48200228810310364,
      0.4595474600791931,
      0.44159433245658875,
      0.421940416097641,
      0.4055686593055725,
      0.38631683588027954,
      0.37573352456092834,
      0.3579540550708771,
      0.3447157144546509,
      0.3356352150440216,
      0.3213479220867157,
      0.3092661499977112,
      0.30014461278915405,
      0.2935240864753723,
      0.284187912940979,
      0.2739010751247406,
      0.26451176404953003,
      0.25792691111564636,
      0.25600290298461914,
      0.25042444467544556,
      0.24170856177806854,
      0.2424224317073822,
      0.23199968039989471,
      0.2294211983680725,
      0.22498878836631775,
      0.2229655236005783
    ],
    "train_acc": [
      51.686,
      70.092,
      77.184,
      80.274,
      82.444,
      83.74,
      85.108,
      86.13,
      86.916,
      87.49,
      88.128,
      88.696,
      89.208,
      89.48,
      90.216,
      90.6,
      90.854,
      91.482,
      91.64,
      91.948,
      92.2,
      92.35,
      92.608,
      93.176,
      93.198,
      93.212,
      93.386,
      93.632,
      93.734,
      93.986,
      94.036,
      94.302,
      94.346
    ],
    "test_loss": [
      1.0846766233444214,
      0.8240423798561096,
      0.7346111536026001,
      0.6574696898460388,
      0.6246297359466553,
      0.6026827096939087,
      0.5839523673057556,
      0.5715550184249878,
      0.6177531480789185,
      0.5740702152252197,
      0.5498379468917847,
      0.5768460035324097,
      0.5494210720062256,
      0.5467566847801208,
      0.5506957769393921,
      0.5727528929710388,
      0.5743463039398193,
      0.5481301546096802,
      0.620380699634552,
      0.5702611804008484,
      0.5884178280830383,
      0.5586126446723938,
      0.5306965708732605,
      0.655027449131012,
      0.5466997623443604,
      0.5839881896972656,
      0.6256592869758606,
      0.5816927552223206,
      0.5956110954284668,
      0.5862594246864319,
      0.60025954246521,
      0.5729275941848755,
      0.5869415402412415
    ],
    "test_acc": [
      61.58,
      71.32,
      74.67,
      77.11,
      78.27,
      79.56,
      80.1,
      80.75,
      78.76,
      80.95,
      81.39,
      80.42,
      81.41,
      81.67,
      81.63,
      81.3,
      81.58,
      82.22,
      79.46,
      81.47,
      80.94,
      82.36,
      82.67,
      80.08,
      82.8,
      81.94,
      80.64,
      81.6,
      81.77,
      81.71,
      81.58,
      82.05,
      82.16
    ]
  }
}