{
  "config": {
    "run_name": "exp1_1_L4_K32",
    "out_dir": "./results",
    "seed": 42,
    "device": null,
    "bs_train": 128,
    "bs_test": 32,
    "batches": 100,
    "epochs": 10,
    "early_stopping": 8,
    "checkpoints": null,
    "lr": 0.001,
    "reg": 0.001,
    "filters_per_layer": [
      32
    ],
    "layers_per_block": 4,
    "pool_every": 2,
    "hidden_dims": [
      100
    ],
    "model_type": "cnn",
    "kw": {}
  },
  "results": {
    "num_epochs": 10,
    "train_loss": [
      1.8138383626937866,
      1.4391076564788818,
      1.288945198059082,
      1.169551968574524,
      1.0798243284225464,
      1.0063222646713257,
      0.9490024447441101,
      0.9069657921791077,
      0.8620217442512512,
      0.8246411681175232
    ],
    "train_acc": [
      33.942,
      48.476,
      54.94,
      59.31,
      62.958,
      65.512,
      67.476,
      69.152,
      70.844,
      72.032
    ],
    "test_loss": [
      1.534706711769104,
      1.366002082824707,
      1.2304352521896362,
      1.1235193014144897,
      1.0637013912200928,
      1.0378080606460571,
      0.9834161400794983,
      0.9167299866676331,
      0.8808136582374573,
      0.8543602824211121
    ],
    "test_acc": [
      42.81,
      50.09,
      55.88,
      60.21,
      62.12,
      62.61,
      65.1,
      67.68,
      69.19,
      70.31
    ]
  }
}