{
  "config": {
    "run_name": "exp1_2",
    "out_dir": "./results",
    "seed": 42,
    "device": null,
    "bs_train": 128,
    "bs_test": 32,
    "batches": 100,
    "epochs": 100,
    "early_stopping": 8,
    "checkpoints": null,
    "lr": 0.001,
    "reg": 0.001,
    "filters_per_layer": [
      64
    ],
    "layers_per_block": 2,
    "pool_every": 1,
    "hidden_dims": [
      100
    ],
    "model_type": "cnn",
    "kw": {}
  },
  "results": {
    "num_epochs": 31,
    "train_loss": [
      1.5541577339172363,
      1.2311058044433594,
      1.1095398664474487,
      1.021363615989685,
      0.9535667300224304,
      0.9037536978721619,
      0.8622417449951172,
      0.8258821964263916,
      0.7859240174293518,
      0.7638062834739685,
      0.724380373954773,
      0.7051336765289307,
      0.6773578524589539,
      0.658604085445404,
      0.6353704333305359,
      0.6116580963134766,
      0.5886960029602051,
      0.5691946744918823,
      0.5493643879890442,
      0.5311503410339355,
      0.5117900967597961,
      0.5058575868606567,
      0.4729999303817749,
      0.46469947695732117,
      0.4520532786846161,
      0.4365968108177185,
      0.42282310128211975,
      0.4095199704170227,
      0.39958566427230835,
      0.3855743408203125,
      0.37309545278549194
    ],
    "train_acc": [
      45.526,
      57.386,
      62.008,
      65.278,
      67.986,
      69.764,
      71.222,
      72.586,
      73.91,
      75.006,
      76.328,
      77.2,
      78.352,
      78.966,
      79.604,
      80.782,
      81.418,
      82.282,
      82.86,
      83.724,
      84.432,
      84.614,
      85.852,
      86.16,
      86.826,
      87.376,
      87.868,
      88.28,
      88.838,
      89.23,
      89.81
    ],
    "test_loss": [
      1.2929950952529907,
      1.1535800695419312,
      1.1036852598190308,
      1.0261763334274292,
      0.9679129719734192,
      0.933830738067627,
      0.9335675835609436,
      0.9271082878112793,
      0.9004121422767639,
      0.8580222725868225,
      0.8992443680763245,
      0.9062324166297913,
      0.8418176174163818,
      0.8910310864448547,
      0.8856804370880127,
      0.8660569787025452,
      0.8728625774383545,
      0.8509808778762817,
      0.8939646482467651,
      0.840937077999115,
      0.8748753070831299,
      0.877495288848877,
      0.8729608654975891,
      0.8613433241844177,
      0.8820830583572388,
      0.8972893357276917,
      0.9124274253845215,
      0.9436630010604858,
      0.929363489151001,
      0.9190256595611572,
      0.9595218896865845
    ],
    "test_acc": [
      53.33,
      58.96,
      60.86,
      64.17,
      65.79,
      67.28,
      67.62,
      68.09,
      68.38,
      70.07,
      69.46,
      69.18,
      71.13,
      70.06,
      69.2,
      71.14,
      70.1,
      71.91,
      70.17,
      72.05,
      70.82,
      70.63,
      72.16,
      71.51,
      71.73,
      71.53,
      70.82,
      70.54,
      70.47,
      71.01,
      70.89
    ]
  }
}