{
  "config": {
    "run_name": "exp1_1_L16_K32",
    "out_dir": "./results",
    "seed": 42,
    "device": null,
    "bs_train": 128,
    "bs_test": 32,
    "batches": 100,
    "epochs": 10,
    "early_stopping": 8,
    "checkpoints": null,
    "lr": 0.001,
    "reg": 0.001,
    "filters_per_layer": [
      32
    ],
    "layers_per_block": 16,
    "pool_every": 2,
    "hidden_dims": [
      100
    ],
    "model_type": "cnn",
    "kw": {}
  },
  "results": {
    "num_epochs": 9,
    "train_loss": [
      2.303276538848877,
      2.3028969764709473,
      2.302924394607544,
      2.302825450897217,
      2.3028101921081543,
      2.3028032779693604,
      2.3027472496032715,
      2.302753210067749,
      2.302753448486328
    ],
    "train_acc": [
      9.942,
      9.956,
      9.81,
      10.026,
      9.838,
      9.984,
      9.99,
      10.054,
      9.766
    ],
    "test_loss": [
      2.3026797771453857,
      2.3028297424316406,
      2.302665948867798,
      2.302711248397827,
      2.3026373386383057,
      2.3026180267333984,
      2.302640199661255,
      2.3026058673858643,
      2.3026394844055176
    ],
    "test_acc": [
      10.0,
      10.0,
      10.0,
      10.0,
      10.0,
      10.0,
      10.0,
      10.0,
      10.0
    ]
  }
}