{
  "config": {
    "run_name": "exp1_1",
    "out_dir": "./results",
    "seed": 42,
    "device": null,
    "bs_train": 128,
    "bs_test": 32,
    "batches": 100,
    "epochs": 100,
    "early_stopping": 8,
    "checkpoints": null,
    "lr": 0.001,
    "reg": 0.001,
    "filters_per_layer": [
      64
    ],
    "layers_per_block": 4,
    "pool_every": 2,
    "hidden_dims": [
      100
    ],
    "model_type": "cnn",
    "kw": {}
  },
  "results": {
    "num_epochs": 19,
    "train_loss": [
      1.4736168384552002,
      1.0536679029464722,
      0.9050520658493042,
      0.8167392015457153,
      0.7368888258934021,
      0.6769862771034241,
      0.61851966381073,
      0.5668129920959473,
      0.5127354860305786,
      0.4704299569129944,
      0.4318094849586487,
      0.3980654776096344,
      0.36414891481399536,
      0.33787432312965393,
      0.30992043018341064,
      0.28643396496772766,
      0.26937493681907654,
      0.24093841016292572,
      0.24781623482704163
    ],
    "train_acc": [
      49.932,
      66.228,
      71.886,
      75.232,
      78.306,
      80.666,
      83.006,
      85.124,
      87.536,
      89.218,
      90.7,
      91.97,
      93.22,
      94.298,
      94.998,
      96.062,
      96.5,
      97.414,
      97.372
    ],
    "test_loss": [
      1.155608057975769,
      1.0281668901443481,
      0.9611582159996033,
      0.8775999546051025,
      0.8713463544845581,
      0.83492511510849,
      0.859049916267395,
      0.8297332525253296,
      0.8714267015457153,
      0.8599216938018799,
      0.8401641249656677,
      0.8928384184837341,
      0.9213698506355286,
      0.8940501809120178,
      0.9174208045005798,
      0.9056118726730347,
      0.9164150953292847,
      0.9556638598442078,
      0.9905667304992676
    ],
    "test_acc": [
      59.67,
      64.27,
      66.83,
      69.59,
      69.83,
      71.01,
      70.17,
      71.79,
      70.27,
      70.91,
      72.2,
      70.58,
      69.7,
      71.37,
      70.91,
      72.19,
      71.91,
      71.14,
      69.73
    ]
  }
}