{
  "config": {
    "run_name": "exp1_2",
    "out_dir": "./results",
    "seed": 42,
    "device": null,
    "bs_train": 128,
    "bs_test": 32,
    "batches": 100,
    "epochs": 100,
    "early_stopping": 8,
    "checkpoints": null,
    "lr": 0.001,
    "reg": 0.001,
    "filters_per_layer": [
      64
    ],
    "layers_per_block": 2,
    "pool_every": 1,
    "hidden_dims": [
      100
    ],
    "model_type": "cnn",
    "kw": {}
  },
  "results": {
    "num_epochs": 21,
    "train_loss": [
      1.4374293088912964,
      1.1017919778823853,
      0.9821336269378662,
      0.9061175584793091,
      0.8541673421859741,
      0.809042751789093,
      0.7746735215187073,
      0.7320882678031921,
      0.6982138752937317,
      0.6688136458396912,
      0.6342969536781311,
      0.6020833253860474,
      0.5775056481361389,
      0.5540347099304199,
      0.5273436903953552,
      0.5037229657173157,
      0.4739885628223419,
      0.4625146687030792,
      0.4329546391963959,
      0.42095279693603516,
      0.40281403064727783
    ],
    "train_acc": [
      50.774,
      63.324,
      68.064,
      70.628,
      72.828,
      74.464,
      75.932,
      77.35,
      78.712,
      80.24,
      81.37,
      82.73,
      83.602,
      84.72,
      85.836,
      86.708,
      88.09,
      88.52,
      89.58,
      90.29,
      90.818
    ],
    "test_loss": [
      1.202676773071289,
      1.0464987754821777,
      1.0311625003814697,
      0.9457681179046631,
      0.9297528862953186,
      0.906404435634613,
      0.9057312607765198,
      0.9462773203849792,
      0.8987908959388733,
      0.8718438148498535,
      0.8841323256492615,
      0.9205644130706787,
      0.8712638020515442,
      0.907758891582489,
      0.9092606902122498,
      0.8963568210601807,
      0.9029896855354309,
      0.9154173731803894,
      0.9045183658599854,
      0.9306418895721436,
      0.9156913161277771
    ],
    "test_acc": [
      57.74,
      62.98,
      63.71,
      66.64,
      66.88,
      68.68,
      68.23,
      67.16,
      68.73,
      69.94,
      69.73,
      68.75,
      70.28,
      69.53,
      68.73,
      69.32,
      69.37,
      69.46,
      69.91,
      68.96,
      69.8
    ]
  }
}