{
  "config": {
    "run_name": "exp1_1_L2_K64",
    "out_dir": "./results",
    "seed": 42,
    "device": null,
    "bs_train": 128,
    "bs_test": 32,
    "batches": 100,
    "epochs": 10,
    "early_stopping": 8,
    "checkpoints": null,
    "lr": 0.001,
    "reg": 0.001,
    "filters_per_layer": [
      64
    ],
    "layers_per_block": 2,
    "pool_every": 2,
    "hidden_dims": [
      100
    ],
    "model_type": "cnn",
    "kw": {}
  },
  "results": {
    "num_epochs": 10,
    "train_loss": [
      1.451263189315796,
      1.0928963422775269,
      0.956445574760437,
      0.8762734532356262,
      0.8172088265419006,
      0.7597880959510803,
      0.7090762853622437,
      0.6697524785995483,
      0.6242867708206177,
      0.5825743675231934
    ],
    "train_acc": [
      49.824,
      63.15,
      68.362,
      71.398,
      73.502,
      75.688,
      77.504,
      79.104,
      80.722,
      82.396
    ],
    "test_loss": [
      1.1962019205093384,
      1.0284459590911865,
      0.971916913986206,
      0.9255495667457581,
      0.8881455659866333,
      0.8775634765625,
      0.9373980164527893,
      0.8594750165939331,
      0.9143246412277222,
      0.8592736721038818
    ],
    "test_acc": [
      56.89,
      63.86,
      66.01,
      67.34,
      69.38,
      69.86,
      68.16,
      70.78,
      68.42,
      70.69
    ]
  }
}