{
  "config": {
    "run_name": "exp1_1",
    "out_dir": "./results",
    "seed": 42,
    "device": null,
    "bs_train": 128,
    "bs_test": 32,
    "batches": 100,
    "epochs": 100,
    "early_stopping": 8,
    "checkpoints": null,
    "lr": 0.001,
    "reg": 0.001,
    "filters_per_layer": [
      32
    ],
    "layers_per_block": 4,
    "pool_every": 2,
    "hidden_dims": [
      100
    ],
    "model_type": "cnn",
    "kw": {}
  },
  "results": {
    "num_epochs": 28,
    "train_loss": [
      1.7154709100723267,
      1.3750730752944946,
      1.2063336372375488,
      1.0955350399017334,
      0.9968786835670471,
      0.9291924834251404,
      0.8647297024726868,
      0.8069392442703247,
      0.7594982385635376,
      0.7211500406265259,
      0.6878911852836609,
      0.6454818844795227,
      0.6135146021842957,
      0.5803082585334778,
      0.5501455068588257,
      0.5181912183761597,
      0.4944429099559784,
      0.46214136481285095,
      0.43665674328804016,
      0.4117989242076874,
      0.3805607557296753,
      0.36319878697395325,
      0.34510338306427,
      0.32958608865737915,
      0.2985549867153168,
      0.28752830624580383,
      0.2771773040294647,
      0.2575554847717285
    ],
    "train_acc": [
      38.038,
      51.464,
      58.276,
      62.628,
      66.316,
      68.994,
      71.376,
      73.328,
      75.214,
      76.486,
      77.692,
      79.338,
      80.488,
      81.986,
      83.006,
      84.094,
      85.164,
      86.322,
      87.16,
      88.04,
      89.276,
      90.052,
      90.774,
      91.29,
      92.342,
      92.95,
      93.438,
      93.984
    ],
    "test_loss": [
      1.4444392919540405,
      1.272530198097229,
      1.215177059173584,
      1.1399093866348267,
      1.0145310163497925,
      0.959629237651825,
      0.9367548823356628,
      0.8949939012527466,
      0.9495343565940857,
      0.8728254437446594,
      0.8725423812866211,
      0.8574641942977905,
      0.8663870096206665,
      0.8388113975524902,
      0.8817266225814819,
      0.8663985133171082,
      0.9000881910324097,
      0.9154524207115173,
      0.9507400393486023,
      0.9090383052825928,
      0.9434041976928711,
      1.0108020305633545,
      1.0039232969284058,
      1.0585557222366333,
      1.0572657585144043,
      1.0585203170776367,
      1.092616081237793,
      1.1329761743545532
    ],
    "test_acc": [
      47.25,
      54.21,
      56.22,
      58.82,
      64.37,
      66.31,
      67.09,
      68.74,
      66.34,
      69.38,
      69.18,
      70.46,
      70.47,
      71.2,
      70.72,
      70.97,
      70.57,
      70.46,
      70.12,
      72.19,
      71.48,
      70.9,
      71.31,
      70.42,
      71.24,
      70.24,
      70.4,
      69.83
    ]
  }
}