{
  "config": {
    "run_name": "exp1_3",
    "out_dir": "./results",
    "seed": 42,
    "device": null,
    "bs_train": 128,
    "bs_test": 32,
    "batches": 100,
    "epochs": 100,
    "early_stopping": 8,
    "checkpoints": null,
    "lr": 0.001,
    "reg": 0.001,
    "filters_per_layer": [
      64,
      128
    ],
    "layers_per_block": 4,
    "pool_every": 2,
    "hidden_dims": [
      100
    ],
    "model_type": "cnn",
    "kw": {}
  },
  "results": {
    "num_epochs": 28,
    "train_loss": [
      1.6703991889953613,
      1.2053946256637573,
      0.9702642560005188,
      0.8356689810752869,
      0.739935040473938,
      0.6798914670944214,
      0.6290332078933716,
      0.581861138343811,
      0.5383356809616089,
      0.5017724633216858,
      0.4735754430294037,
      0.4542528986930847,
      0.4165048897266388,
      0.3917192220687866,
      0.37326231598854065,
      0.3648023307323456,
      0.3391333818435669,
      0.3234196603298187,
      0.304462194442749,
      0.2991477847099304,
      0.28239157795906067,
      0.2777901887893677,
      0.26808181405067444,
      0.25861355662345886,
      0.25361019372940063,
      0.2529444396495819,
      0.2475135624408722,
      0.2334749698638916
    ],
    "train_acc": [
      40.688,
      60.242,
      69.626,
      74.8,
      78.374,
      80.87,
      82.692,
      84.584,
      86.29,
      87.632,
      88.886,
      89.592,
      90.902,
      91.876,
      92.556,
      92.984,
      93.968,
      94.362,
      95.1,
      95.334,
      95.984,
      96.032,
      96.398,
      96.726,
      96.838,
      96.952,
      97.114,
      97.396
    ],
    "test_loss": [
      1.3642855882644653,
      1.1412060260772705,
      0.9165688157081604,
      0.8477991819381714,
      0.805201530456543,
      0.7578691244125366,
      0.7415173053741455,
      0.7221434116363525,
      0.73447185754776,
      0.6962804198265076,
      0.7292066812515259,
      0.7987357974052429,
      0.6764148473739624,
      0.6993582844734192,
      0.7168009877204895,
      0.719779908657074,
      0.7569633722305298,
      0.7554593086242676,
      0.7510733604431152,
      0.7019072771072388,
      0.728077232837677,
      0.7510172128677368,
      0.7481663227081299,
      0.7542539238929749,
      0.7988100051879883,
      0.7800284624099731,
      0.7698167562484741,
      0.7776654362678528
    ],
    "test_acc": [
      50.41,
      59.37,
      68.14,
      70.21,
      71.77,
      73.94,
      74.18,
      75.05,
      75.31,
      76.23,
      75.35,
      73.67,
      76.63,
      76.74,
      76.59,
      77.04,
      75.44,
      75.85,
      76.16,
      77.64,
      77.6,
      76.87,
      76.95,
      77.28,
      75.73,
      76.5,
      76.86,
      77.58
    ]
  }
}