{
  "config": {
    "run_name": "exp1_2",
    "out_dir": "./results",
    "seed": 42,
    "device": null,
    "bs_train": 128,
    "bs_test": 32,
    "batches": 100,
    "epochs": 100,
    "early_stopping": 8,
    "checkpoints": null,
    "lr": 0.001,
    "reg": 0.001,
    "filters_per_layer": [
      128
    ],
    "layers_per_block": 8,
    "pool_every": 4,
    "hidden_dims": [
      100
    ],
    "model_type": "cnn",
    "kw": {}
  },
  "results": {
    "num_epochs": 9,
    "train_loss": [
      2.3030149936676025,
      2.3027141094207764,
      2.3027069568634033,
      2.3027124404907227,
      2.302692413330078,
      2.302701234817505,
      2.3026998043060303,
      2.302722454071045,
      2.3027095794677734
    ],
    "train_acc": [
      10.11,
      9.898,
      9.946,
      9.94,
      9.884,
      9.698,
      9.844,
      9.84,
      9.872
    ],
    "test_loss": [
      2.302644729614258,
      2.3026182651519775,
      2.3026199340820312,
      2.3025975227355957,
      2.302589178085327,
      2.3025875091552734,
      2.3026084899902344,
      2.3025870323181152,
      2.3025872707366943
    ],
    "test_acc": [
      10.0,
      10.0,
      10.0,
      10.0,
      10.0,
      10.0,
      10.0,
      10.0,
      10.0
    ]
  }
}