{
  "config": {
    "run_name": "exp1_2",
    "out_dir": "./results",
    "seed": 42,
    "device": null,
    "bs_train": 128,
    "bs_test": 32,
    "batches": 100,
    "epochs": 100,
    "early_stopping": 8,
    "checkpoints": null,
    "lr": 0.001,
    "reg": 0.001,
    "filters_per_layer": [
      64
    ],
    "layers_per_block": 4,
    "pool_every": 2,
    "hidden_dims": [
      100
    ],
    "model_type": "cnn",
    "kw": {}
  },
  "results": {
    "num_epochs": 25,
    "train_loss": [
      1.4746654033660889,
      1.0514684915542603,
      0.9083532691001892,
      0.8154491186141968,
      0.7430399656295776,
      0.6784718632698059,
      0.6238592267036438,
      0.5674451589584351,
      0.5141701698303223,
      0.4732552468776703,
      0.42707398533821106,
      0.39852374792099,
      0.360798716545105,
      0.3347766697406769,
      0.3035927712917328,
      0.2935594916343689,
      0.27061760425567627,
      0.24966230988502502,
      0.24017708003520966,
      0.2265511453151703,
      0.2232782542705536,
      0.22619189321994781,
      0.21488922834396362,
      0.1875331848859787,
      0.19064469635486603
    ],
    "train_acc": [
      49.846,
      66.454,
      71.698,
      75.254,
      77.954,
      80.796,
      82.928,
      85.144,
      87.33,
      88.984,
      90.782,
      92.122,
      93.454,
      94.396,
      95.492,
      95.94,
      96.486,
      97.248,
      97.392,
      97.784,
      97.988,
      97.894,
      98.166,
      98.686,
      98.756
    ],
    "test_loss": [
      1.153794288635254,
      1.0045467615127563,
      0.9652204513549805,
      0.8911019563674927,
      0.8667358756065369,
      0.8359820246696472,
      0.8572706580162048,
      0.8565576076507568,
      0.8707647919654846,
      0.8467654585838318,
      0.856899619102478,
      0.8884838819503784,
      0.9337446689605713,
      0.9009069800376892,
      0.8874398469924927,
      0.9069644808769226,
      0.9126389622688293,
      0.9135910868644714,
      0.9250993132591248,
      0.9409354329109192,
      0.9612590670585632,
      1.0079524517059326,
      1.0011930465698242,
      0.9683396220207214,
      0.9742672443389893
    ],
    "test_acc": [
      59.81,
      65.16,
      66.56,
      68.66,
      69.72,
      71.5,
      70.29,
      71.24,
      70.51,
      71.19,
      72.1,
      70.69,
      69.8,
      71.21,
      71.63,
      71.35,
      72.15,
      71.42,
      71.43,
      71.54,
      71.28,
      70.32,
      70.26,
      71.22,
      71.38
    ]
  }
}