{
  "config": {
    "run_name": "exp1_3",
    "out_dir": "./results",
    "seed": 42,
    "device": null,
    "bs_train": 128,
    "bs_test": 32,
    "batches": 100,
    "epochs": 100,
    "early_stopping": 8,
    "checkpoints": null,
    "lr": 0.001,
    "reg": 0.001,
    "filters_per_layer": [
      64,
      128
    ],
    "layers_per_block": 3,
    "pool_every": 1,
    "hidden_dims": [
      100
    ],
    "model_type": "cnn",
    "kw": {}
  },
  "results": {
    "num_epochs": 9,
    "train_loss": [
      2.303025960922241,
      2.302765130996704,
      2.3027684688568115,
      2.302741765975952,
      2.3027307987213135,
      2.302722692489624,
      2.302722692489624,
      2.3026726245880127,
      2.3027119636535645
    ],
    "train_acc": [
      10.024,
      9.966,
      9.682,
      9.988,
      9.832,
      9.878,
      9.746,
      9.888,
      9.748
    ],
    "test_loss": [
      2.302640199661255,
      2.3026599884033203,
      2.3026204109191895,
      2.302618980407715,
      2.3025999069213867,
      2.302605390548706,
      2.3025870323181152,
      2.3025975227355957,
      2.302602767944336
    ],
    "test_acc": [
      10.0,
      10.0,
      10.0,
      10.0,
      10.0,
      10.0,
      10.0,
      10.0,
      10.0
    ]
  }
}