{
  "config": {
    "run_name": "exp1_4",
    "out_dir": "./results",
    "seed": 42,
    "device": null,
    "bs_train": 128,
    "bs_test": 32,
    "batches": 100,
    "epochs": 100,
    "early_stopping": 8,
    "checkpoints": null,
    "lr": 0.001,
    "reg": 0.001,
    "filters_per_layer": [
      32
    ],
    "layers_per_block": 32,
    "pool_every": 5,
    "hidden_dims": [
      100
    ],
    "model_type": "resnet",
    "kw": {}
  },
  "results": {
    "num_epochs": 41,
    "train_loss": [
      1.6586991548538208,
      1.2015503644943237,
      1.0119343996047974,
      0.9232790470123291,
      0.8590582609176636,
      0.8201913833618164,
      0.7888170480728149,
      0.7609497904777527,
      0.7390342950820923,
      0.7195821404457092,
      0.7071301937103271,
      0.6973018050193787,
      0.6889398097991943,
      0.6762802004814148,
      0.6681286692619324,
      0.6630902886390686,
      0.6552258133888245,
      0.6517888307571411,
      0.6405760049819946,
      0.6327376961708069,
      0.6282246112823486,
      0.6276580095291138,
      0.6270599961280823,
      0.6201532483100891,
      0.6211007833480835,
      0.6105993390083313,
      0.6109368801116943,
      0.6104275584220886,
      0.6035448908805847,
      0.5994293689727783,
      0.6043843626976013,
      0.5948598384857178,
      0.5949144959449768,
      0.5947431325912476,
      0.5864105224609375,
      0.5856214165687561,
      0.5831116437911987,
      0.5803334712982178,
      0.5722296237945557,
      0.573693573474884,
      0.578733503818512
    ],
    "train_acc": [
      39.872,
      58.064,
      65.196,
      68.586,
      70.92,
      72.27,
      73.54,
      74.518,
      75.422,
      75.916,
      76.326,
      76.832,
      77.174,
      77.558,
      77.852,
      78.136,
      78.338,
      78.414,
      78.656,
      79.194,
      78.922,
      79.216,
      79.342,
      79.578,
      79.518,
      79.74,
      80.108,
      80.066,
      80.002,
      80.214,
      80.292,
      80.354,
      80.31,
      80.45,
      80.78,
      80.604,
      80.82,
      80.78,
      80.982,
      81.25,
      81.088
    ],
    "test_loss": [
      1.2963448762893677,
      1.0957738161087036,
      0.9525953531265259,
      0.8824254870414734,
      0.8112742900848389,
      0.7617803812026978,
      0.7861107587814331,
      0.7296426892280579,
      0.7238404750823975,
      0.7331035733222961,
      0.6810553073883057,
      0.7006491422653198,
      0.6862614154815674,
      0.6790890097618103,
      0.7197386622428894,
      0.661904513835907,
      0.7036092281341553,
      0.6799847483634949,
      0.6845489740371704,
      0.6694314479827881,
      0.6456541419029236,
      0.6425738334655762,
      0.6410665512084961,
      0.6395156383514404,
      0.634983241558075,
      0.6650976538658142,
      0.6370438933372498,
      0.6092187166213989,
      0.6301323771476746,
      0.6209897994995117,
      0.6307230591773987,
      0.6155950427055359,
      0.6004069447517395,
      0.5999601483345032,
      0.5887007117271423,
      0.6446342468261719,
      0.6158075928688049,
      0.6293943524360657,
      0.6776625514030457,
      0.6448964476585388,
      0.6044912338256836
    ],
    "test_acc": [
      51.99,
      59.85,
      66.23,
      68.35,
      71.62,
      73.47,
      72.47,
      74.57,
      74.11,
      74.14,
      76.45,
      75.62,
      76.31,
      76.16,
      75.0,
      76.55,
      76.01,
      76.49,
      76.05,
      76.52,
      77.92,
      77.63,
      78.12,
      77.93,
      78.31,
      77.62,
      78.27,
      79.03,
      78.55,
      78.26,
      78.65,
      79.13,
      79.43,
      79.22,
      79.43,
      77.85,
      78.95,
      78.42,
      76.89,
      78.09,
      79.24
    ]
  }
}