{
  "config": {
    "run_name": "exp1_1",
    "out_dir": "./results",
    "seed": 42,
    "device": null,
    "bs_train": 128,
    "bs_test": 32,
    "batches": 100,
    "epochs": 100,
    "early_stopping": 8,
    "checkpoints": null,
    "lr": 0.001,
    "reg": 0.001,
    "filters_per_layer": [
      32
    ],
    "layers_per_block": 4,
    "pool_every": 2,
    "hidden_dims": [
      100
    ],
    "model_type": "cnn",
    "kw": {}
  },
  "results": {
    "num_epochs": 16,
    "train_loss": [
      1.5336308479309082,
      1.1615935564041138,
      0.9825621843338013,
      0.8779898285865784,
      0.7890096306800842,
      0.7237781286239624,
      0.6662840247154236,
      0.612233579158783,
      0.5680513978004456,
      0.5289130806922913,
      0.48469823598861694,
      0.44953998923301697,
      0.4144541919231415,
      0.3825438916683197,
      0.3494512736797333,
      0.3283309042453766
    ],
    "train_acc": [
      46.38,
      60.914,
      67.736,
      71.698,
      74.762,
      77.772,
      79.86,
      81.906,
      83.722,
      85.29,
      87.02,
      88.414,
      89.878,
      91.192,
      92.45,
      93.386
    ],
    "test_loss": [
      1.2801390886306763,
      1.0585099458694458,
      0.9769951105117798,
      0.9235504269599915,
      0.8799487948417664,
      0.830740213394165,
      0.8255144953727722,
      0.7993803024291992,
      0.8482745885848999,
      0.8243265748023987,
      0.8420482277870178,
      0.8302037119865417,
      0.8555681109428406,
      0.851498544216156,
      0.871046245098114,
      0.8691165447235107
    ],
    "test_acc": [
      53.63,
      62.77,
      65.84,
      68.11,
      69.75,
      71.33,
      71.22,
      72.08,
      70.99,
      71.43,
      71.38,
      71.13,
      71.14,
      71.92,
      71.5,
      71.85
    ]
  }
}