{
  "config": {
    "run_name": "exp1_4",
    "out_dir": "./results",
    "seed": 42,
    "device": null,
    "bs_train": 128,
    "bs_test": 32,
    "batches": 100,
    "epochs": 100,
    "early_stopping": 8,
    "checkpoints": null,
    "lr": 0.001,
    "reg": 0.001,
    "filters_per_layer": [
      64,
      128,
      256
    ],
    "layers_per_block": 8,
    "pool_every": 4,
    "hidden_dims": [
      100
    ],
    "model_type": "resnet",
    "kw": {}
  },
  "results": {
    "num_epochs": 32,
    "train_loss": [
      1.6405348777770996,
      1.1442712545394897,
      0.9488722681999207,
      0.8438101410865784,
      0.7569676637649536,
      0.7158500552177429,
      0.6762945055961609,
      0.6455825567245483,
      0.6106642484664917,
      0.5885324478149414,
      0.5687173008918762,
      0.549461841583252,
      0.5326691269874573,
      0.5211223363876343,
      0.4979742467403412,
      0.48929741978645325,
      0.47763776779174805,
      0.46347811818122864,
      0.4554801285266876,
      0.44941410422325134,
      0.43442264199256897,
      0.4316776692867279,
      0.4159718453884125,
      0.41037648916244507,
      0.4021674394607544,
      0.39996084570884705,
      0.39266565442085266,
      0.3913612365722656,
      0.3827199339866638,
      0.3802582323551178,
      0.3700595796108246,
      0.3697502315044403
    ],
    "train_acc": [
      41.708,
      61.32,
      68.802,
      72.564,
      75.824,
      77.59,
      78.864,
      79.742,
      81.056,
      81.824,
      82.34,
      82.82,
      83.702,
      84.054,
      84.682,
      85.034,
      85.512,
      85.744,
      86.136,
      86.392,
      86.71,
      86.916,
      87.21,
      87.378,
      87.686,
      87.872,
      88.018,
      88.132,
      88.66,
      88.508,
      88.814,
      88.746
    ],
    "test_loss": [
      1.6081314086914062,
      1.028373122215271,
      0.9846009016036987,
      0.8155030608177185,
      0.8058151006698608,
      0.7189585566520691,
      0.7336074709892273,
      0.7550175189971924,
      0.6948471069335938,
      0.6385903358459473,
      0.744536280632019,
      0.6566792726516724,
      0.6309743523597717,
      0.6136216521263123,
      0.6717784404754639,
      0.6159480214118958,
      0.6783735752105713,
      0.568747878074646,
      0.5762701034545898,
      0.5928109288215637,
      0.5601831674575806,
      0.5664482116699219,
      0.58828204870224,
      0.5395789742469788,
      0.6031294465065002,
      0.5452077984809875,
      0.5657850503921509,
      0.6176111698150635,
      0.5933510661125183,
      0.5967944860458374,
      0.5624551773071289,
      0.6112154722213745
    ],
    "test_acc": [
      42.84,
      63.5,
      64.99,
      71.2,
      71.34,
      75.0,
      74.12,
      73.88,
      76.02,
      78.18,
      74.55,
      77.22,
      78.4,
      78.69,
      77.31,
      78.92,
      76.98,
      80.56,
      80.55,
      79.75,
      80.63,
      80.61,
      80.16,
      81.86,
      79.46,
      81.57,
      81.29,
      79.8,
      80.7,
      80.58,
      80.83,
      80.41
    ]
  }
}