{
  "config": {
    "run_name": "exp1_1",
    "out_dir": "./results",
    "seed": 42,
    "device": null,
    "bs_train": 128,
    "bs_test": 32,
    "batches": 100,
    "epochs": 100,
    "early_stopping": 8,
    "checkpoints": null,
    "lr": 0.001,
    "reg": 0.001,
    "filters_per_layer": [
      32
    ],
    "layers_per_block": 8,
    "pool_every": 4,
    "hidden_dims": [
      100
    ],
    "model_type": "cnn",
    "kw": {}
  },
  "results": {
    "num_epochs": 23,
    "train_loss": [
      1.6367661952972412,
      1.1833871603012085,
      0.9884066581726074,
      0.880400538444519,
      0.7907639145851135,
      0.7171335220336914,
      0.657426655292511,
      0.6031417846679688,
      0.5490837097167969,
      0.4981776773929596,
      0.4496326446533203,
      0.41154927015304565,
      0.3723604679107666,
      0.34066295623779297,
      0.31087687611579895,
      0.2820088267326355,
      0.25863081216812134,
      0.24336950480937958,
      0.23136498034000397,
      0.22008992731571198,
      0.2021464705467224,
      0.2043975442647934,
      0.1897568702697754
    ],
    "train_acc": [
      42.48,
      60.558,
      68.106,
      72.026,
      75.606,
      78.216,
      80.55,
      82.6,
      84.874,
      87.094,
      88.89,
      90.58,
      92.116,
      93.226,
      94.354,
      95.434,
      96.254,
      96.688,
      97.066,
      97.482,
      97.974,
      98.006,
      98.31
    ],
    "test_loss": [
      1.2875453233718872,
      1.0938818454742432,
      0.9809623956680298,
      0.9280810952186584,
      0.9373522996902466,
      0.8710586428642273,
      0.8847897052764893,
      0.8682852387428284,
      0.87104731798172,
      0.8744512796401978,
      0.9061839580535889,
      0.896928071975708,
      0.9191009998321533,
      0.9518527984619141,
      0.9369662404060364,
      0.981112539768219,
      0.9795575141906738,
      0.989797055721283,
      0.9983975887298584,
      1.0134425163269043,
      1.0542725324630737,
      1.054570198059082,
      1.050667643547058
    ],
    "test_acc": [
      54.52,
      61.67,
      66.17,
      67.83,
      67.39,
      69.66,
      69.26,
      69.64,
      70.11,
      70.29,
      70.06,
      69.97,
      70.09,
      69.69,
      70.83,
      70.11,
      69.22,
      70.24,
      69.68,
      69.14,
      69.3,
      68.64,
      69.78
    ]
  }
}