{
  "config": {
    "run_name": "exp1_4",
    "out_dir": "./results",
    "seed": 42,
    "device": null,
    "bs_train": 128,
    "bs_test": 32,
    "batches": 100,
    "epochs": 100,
    "early_stopping": 8,
    "checkpoints": null,
    "lr": 0.001,
    "reg": 0.001,
    "filters_per_layer": [
      32
    ],
    "layers_per_block": 16,
    "pool_every": 8,
    "hidden_dims": [
      100
    ],
    "model_type": "resnet",
    "kw": {}
  },
  "results": {
    "num_epochs": 23,
    "train_loss": [
      1.6014845371246338,
      1.2185014486312866,
      1.028598427772522,
      0.9327473044395447,
      0.8650708794593811,
      0.8197243213653564,
      0.7785438299179077,
      0.7514583468437195,
      0.7215134501457214,
      0.6954506635665894,
      0.6720614433288574,
      0.6587287187576294,
      0.6401371359825134,
      0.6198554635047913,
      0.6042593717575073,
      0.5940050482749939,
      0.5729057788848877,
      0.5674145221710205,
      0.553534209728241,
      0.5451573133468628,
      0.5316150188446045,
      0.523683488368988,
      0.5109748244285583
    ],
    "train_acc": [
      42.206,
      57.654,
      65.006,
      68.398,
      70.992,
      72.41,
      73.892,
      75.022,
      75.782,
      76.858,
      77.58,
      78.074,
      78.578,
      79.67,
      80.148,
      80.514,
      81.24,
      81.292,
      81.96,
      82.44,
      82.652,
      82.888,
      83.42
    ],
    "test_loss": [
      1.3064138889312744,
      1.0488677024841309,
      0.9444186091423035,
      0.9035200476646423,
      0.8677502274513245,
      0.8147528767585754,
      0.8331276178359985,
      0.7867807149887085,
      0.7818341851234436,
      0.7961165308952332,
      0.7875548005104065,
      0.7888413071632385,
      0.7771519422531128,
      0.7713384628295898,
      0.7377806305885315,
      0.7612002491950989,
      0.7722952365875244,
      0.7593117952346802,
      0.7897112369537354,
      0.7749736309051514,
      0.7757259607315063,
      0.7698969841003418,
      0.7808592319488525
    ],
    "test_acc": [
      52.83,
      63.02,
      66.7,
      68.16,
      69.19,
      71.35,
      70.7,
      72.58,
      73.27,
      73.47,
      72.77,
      73.6,
      73.71,
      73.7,
      75.42,
      74.27,
      74.66,
      75.06,
      74.31,
      74.81,
      75.03,
      75.11,
      75.16
    ]
  }
}