{
  "config": {
    "run_name": "exp1_3",
    "out_dir": "./results",
    "seed": 42,
    "device": null,
    "bs_train": 128,
    "bs_test": 32,
    "batches": 100,
    "epochs": 100,
    "early_stopping": 8,
    "checkpoints": null,
    "lr": 0.001,
    "reg": 0.001,
    "filters_per_layer": [
      64,
      128
    ],
    "layers_per_block": 2,
    "pool_every": 1,
    "hidden_dims": [
      100
    ],
    "model_type": "cnn",
    "kw": {}
  },
  "results": {
    "num_epochs": 30,
    "train_loss": [
      1.7802975177764893,
      1.4225525856018066,
      1.2216631174087524,
      1.1059001684188843,
      0.9896833300590515,
      0.9185695648193359,
      0.8438763618469238,
      0.7784649133682251,
      0.7288722395896912,
      0.6787854433059692,
      0.6347375512123108,
      0.5971432328224182,
      0.5583305954933167,
      0.5287947058677673,
      0.5057128667831421,
      0.466309517621994,
      0.44469672441482544,
      0.4056480824947357,
      0.39241933822631836,
      0.3628561496734619,
      0.33482933044433594,
      0.32128995656967163,
      0.2938038110733032,
      0.28246158361434937,
      0.2633530795574188,
      0.2456870824098587,
      0.23010167479515076,
      0.2175571322441101,
      0.20483249425888062,
      0.19719846546649933
    ],
    "train_acc": [
      34.25,
      48.836,
      57.064,
      61.656,
      66.036,
      68.756,
      71.888,
      74.272,
      76.448,
      78.19,
      79.896,
      80.996,
      82.414,
      83.908,
      84.626,
      86.144,
      87.152,
      88.474,
      89.068,
      90.086,
      91.182,
      91.71,
      92.788,
      93.222,
      93.818,
      94.524,
      95.164,
      95.586,
      96.116,
      96.284
    ],
    "test_loss": [
      1.5924524068832397,
      1.3044368028640747,
      1.1981624364852905,
      1.0454437732696533,
      0.9489601850509644,
      0.9005593061447144,
      0.9165675640106201,
      0.8558323979377747,
      0.7730989456176758,
      0.776422381401062,
      0.7740399837493896,
      0.7587596774101257,
      0.7470291256904602,
      0.7296944260597229,
      0.714232325553894,
      0.7721579670906067,
      0.7546281814575195,
      0.7712970972061157,
      0.7782604098320007,
      0.756068229675293,
      0.8112753033638,
      0.7592815160751343,
      0.8006560802459717,
      0.7667391300201416,
      0.8207436203956604,
      0.8349491953849792,
      0.9659342765808105,
      0.8388478755950928,
      0.8626911640167236,
      0.8754067420959473
    ],
    "test_acc": [
      40.96,
      52.21,
      56.21,
      62.72,
      66.32,
      68.31,
      67.53,
      69.86,
      72.92,
      72.58,
      72.93,
      73.69,
      74.47,
      75.27,
      75.82,
      74.26,
      74.81,
      74.73,
      74.98,
      75.32,
      74.29,
      76.66,
      75.1,
      76.36,
      76.04,
      75.86,
      72.96,
      76.32,
      75.46,
      75.6
    ]
  }
}