{
  "config": {
    "run_name": "exp1_2",
    "out_dir": "./results",
    "seed": 42,
    "device": null,
    "bs_train": 128,
    "bs_test": 32,
    "batches": 100,
    "epochs": 100,
    "early_stopping": 8,
    "checkpoints": null,
    "lr": 0.001,
    "reg": 0.001,
    "filters_per_layer": [
      32
    ],
    "layers_per_block": 4,
    "pool_every": 2,
    "hidden_dims": [
      100
    ],
    "model_type": "cnn",
    "kw": {}
  },
  "results": {
    "num_epochs": 16,
    "train_loss": [
      1.5335705280303955,
      1.1617166996002197,
      0.9824156761169434,
      0.8767529726028442,
      0.7892786264419556,
      0.7223436832427979,
      0.6682636141777039,
      0.6130479574203491,
      0.5696421265602112,
      0.5307352542877197,
      0.4889228641986847,
      0.4510490298271179,
      0.4141346514225006,
      0.3801897168159485,
      0.35342228412628174,
      0.3304895758628845
    ],
    "train_acc": [
      46.388,
      60.896,
      67.692,
      71.734,
      74.874,
      77.796,
      79.818,
      81.9,
      83.852,
      85.204,
      86.84,
      88.414,
      89.842,
      91.326,
      92.304,
      93.264
    ],
    "test_loss": [
      1.280073642730713,
      1.0583823919296265,
      0.977353036403656,
      0.9238114356994629,
      0.8713027834892273,
      0.8329556584358215,
      0.8301742672920227,
      0.800989031791687,
      0.8459991216659546,
      0.8231639862060547,
      0.8352224230766296,
      0.8300179243087769,
      0.8502444624900818,
      0.8576796650886536,
      0.8757683038711548,
      0.8884297609329224
    ],
    "test_acc": [
      53.71,
      62.65,
      65.87,
      68.13,
      69.88,
      71.1,
      71.0,
      72.19,
      71.04,
      71.91,
      71.29,
      72.15,
      71.43,
      71.7,
      71.37,
      71.83
    ]
  }
}