{
  "config": {
    "run_name": "exp1_1",
    "out_dir": "./results",
    "seed": 42,
    "device": null,
    "bs_train": 128,
    "bs_test": 32,
    "batches": 100,
    "epochs": 100,
    "early_stopping": 8,
    "checkpoints": null,
    "lr": 0.001,
    "reg": 0.001,
    "filters_per_layer": [
      32
    ],
    "layers_per_block": 4,
    "pool_every": 2,
    "hidden_dims": [
      100
    ],
    "model_type": "cnn",
    "kw": {}
  },
  "results": {
    "num_epochs": 20,
    "train_loss": [
      1.5336118936538696,
      1.161724328994751,
      0.9829303026199341,
      0.8777512311935425,
      0.7908360362052917,
      0.7231705188751221,
      0.6678634285926819,
      0.6103598475456238,
      0.5705480575561523,
      0.5287496447563171,
      0.4870838522911072,
      0.45365795493125916,
      0.4159258008003235,
      0.38149914145469666,
      0.3521769940853119,
      0.32697275280952454,
      0.30559971928596497,
      0.279222697019577,
      0.2655801773071289,
      0.25516387820243835
    ],
    "train_acc": [
      46.394,
      60.9,
      67.682,
      71.662,
      74.818,
      77.662,
      79.86,
      81.948,
      83.622,
      85.384,
      86.79,
      88.448,
      89.75,
      91.088,
      92.252,
      93.254,
      94.228,
      95.154,
      95.598,
      96.114
    ],
    "test_loss": [
      1.2804491519927979,
      1.0593163967132568,
      0.9767408967018127,
      0.9227351546287537,
      0.8705163598060608,
      0.8352219462394714,
      0.8334746360778809,
      0.817040741443634,
      0.8391841650009155,
      0.8180981278419495,
      0.8338462114334106,
      0.8334953188896179,
      0.8372433185577393,
      0.86378413438797,
      0.8788254857063293,
      0.875144898891449,
      0.9095278382301331,
      0.9297769069671631,
      0.9364550709724426,
      0.9524522423744202
    ],
    "test_acc": [
      53.64,
      62.65,
      65.73,
      67.89,
      69.78,
      71.17,
      71.21,
      71.85,
      71.2,
      71.94,
      71.4,
      71.96,
      71.57,
      71.48,
      71.01,
      71.84,
      71.72,
      71.08,
      70.56,
      71.08
    ]
  }
}