{
  "config": {
    "run_name": "exp1_2",
    "out_dir": "./results",
    "seed": 42,
    "device": null,
    "bs_train": 128,
    "bs_test": 32,
    "batches": 100,
    "epochs": 100,
    "early_stopping": 8,
    "checkpoints": null,
    "lr": 0.001,
    "reg": 0.001,
    "filters_per_layer": [
      32
    ],
    "layers_per_block": 8,
    "pool_every": 4,
    "hidden_dims": [
      100
    ],
    "model_type": "cnn",
    "kw": {}
  },
  "results": {
    "num_epochs": 19,
    "train_loss": [
      1.6366887092590332,
      1.1837353706359863,
      0.9867756366729736,
      0.8762245178222656,
      0.7887919545173645,
      0.713871955871582,
      0.6532119512557983,
      0.5987514853477478,
      0.5435695052146912,
      0.49613162875175476,
      0.4512239694595337,
      0.4069095253944397,
      0.37255963683128357,
      0.3433780074119568,
      0.30492690205574036,
      0.2822205424308777,
      0.2572398781776428,
      0.24019533395767212,
      0.22524146735668182
    ],
    "train_acc": [
      42.468,
      60.486,
      68.262,
      72.218,
      75.476,
      78.552,
      80.984,
      83.006,
      85.298,
      87.152,
      89.054,
      90.714,
      91.966,
      93.178,
      94.58,
      95.482,
      96.174,
      96.914,
      97.334
    ],
    "test_loss": [
      1.2875083684921265,
      1.0929007530212402,
      0.996157705783844,
      0.9346292018890381,
      0.9212108254432678,
      0.8780967593193054,
      0.8759037256240845,
      0.8733402490615845,
      0.8991208672523499,
      0.868782103061676,
      0.8757848739624023,
      0.8910819888114929,
      0.9231990575790405,
      0.9733143448829651,
      0.9767555594444275,
      0.9968280792236328,
      0.9658335447311401,
      1.0049057006835938,
      1.0068966150283813
    ],
    "test_acc": [
      54.4,
      61.58,
      65.3,
      67.56,
      67.94,
      69.8,
      69.68,
      70.49,
      69.21,
      70.46,
      70.97,
      70.62,
      70.35,
      69.53,
      69.81,
      69.46,
      70.76,
      69.67,
      69.59
    ]
  }
}