{
  "config": {
    "run_name": "exp1_1_L16_K64",
    "out_dir": "./results",
    "seed": 42,
    "device": null,
    "bs_train": 128,
    "bs_test": 32,
    "batches": 100,
    "epochs": 10,
    "early_stopping": 8,
    "checkpoints": null,
    "lr": 0.001,
    "reg": 0.001,
    "filters_per_layer": [
      64
    ],
    "layers_per_block": 16,
    "pool_every": 2,
    "hidden_dims": [
      100
    ],
    "model_type": "cnn",
    "kw": {}
  },
  "results": {
    "num_epochs": 9,
    "train_loss": [
      2.3030283451080322,
      2.3028926849365234,
      2.302938222885132,
      2.3028244972229004,
      2.3027842044830322,
      2.302769899368286,
      2.3027467727661133,
      2.3027231693267822,
      2.3027052879333496
    ],
    "train_acc": [
      9.996,
      9.944,
      9.744,
      9.928,
      9.87,
      10.06,
      9.814,
      9.868,
      9.902
    ],
    "test_loss": [
      2.302800416946411,
      2.3027048110961914,
      2.302610397338867,
      2.3026509284973145,
      2.302638053894043,
      2.3026444911956787,
      2.302600860595703,
      2.302614688873291,
      2.3026034832000732
    ],
    "test_acc": [
      10.0,
      10.0,
      10.0,
      10.0,
      10.0,
      10.0,
      10.0,
      10.0,
      10.0
    ]
  }
}