{
  "config": {
    "run_name": "exp1_1_L4_K64",
    "out_dir": "./results",
    "seed": 42,
    "device": null,
    "bs_train": 128,
    "bs_test": 32,
    "batches": 100,
    "epochs": 10,
    "early_stopping": 8,
    "checkpoints": null,
    "lr": 0.001,
    "reg": 0.001,
    "filters_per_layer": [
      64
    ],
    "layers_per_block": 4,
    "pool_every": 2,
    "hidden_dims": [
      100
    ],
    "model_type": "cnn",
    "kw": {}
  },
  "results": {
    "num_epochs": 10,
    "train_loss": [
      1.7718452215194702,
      1.3658360242843628,
      1.163569450378418,
      1.041323184967041,
      0.9494674205780029,
      0.8790144324302673,
      0.8242053389549255,
      0.7720190286636353,
      0.7309013605117798,
      0.6934257745742798
    ],
    "train_acc": [
      35.218,
      51.596,
      59.544,
      64.612,
      67.504,
      70.248,
      72.298,
      74.394,
      75.84,
      77.268
    ],
    "test_loss": [
      1.469560146331787,
      1.2471427917480469,
      1.0978662967681885,
      1.0511668920516968,
      0.9642491936683655,
      0.9154582023620605,
      0.8493264317512512,
      0.8049823641777039,
      0.8155397176742554,
      0.7555625438690186
    ],
    "test_acc": [
      45.19,
      54.6,
      61.28,
      62.84,
      65.53,
      67.63,
      70.64,
      72.49,
      71.91,
      74.25
    ]
  }
}