{
  "config": {
    "run_name": "exp1_1",
    "out_dir": "./results",
    "seed": 42,
    "device": null,
    "bs_train": 128,
    "bs_test": 32,
    "batches": 100,
    "epochs": 100,
    "early_stopping": 8,
    "checkpoints": null,
    "lr": 0.001,
    "reg": 0.001,
    "filters_per_layer": [
      64
    ],
    "layers_per_block": 16,
    "pool_every": 5,
    "hidden_dims": [
      100
    ],
    "model_type": "cnn",
    "kw": {}
  },
  "results": {
    "num_epochs": 9,
    "train_loss": [
      2.30344295501709,
      2.3028531074523926,
      2.302769422531128,
      2.3027267456054688,
      2.3027148246765137,
      2.302745819091797,
      2.3026978969573975,
      2.3026974201202393,
      2.3026907444000244
    ],
    "train_acc": [
      10.006,
      9.964,
      9.95,
      9.966,
      10.074,
      9.84,
      9.79,
      9.93,
      9.886
    ],
    "test_loss": [
      2.3026866912841797,
      2.302664041519165,
      2.3026692867279053,
      2.302640438079834,
      2.3026065826416016,
      2.302595615386963,
      2.302595853805542,
      2.3025922775268555,
      2.3025898933410645
    ],
    "test_acc": [
      10.0,
      10.0,
      10.0,
      10.0,
      10.0,
      10.0,
      10.0,
      10.0,
      10.0
    ]
  }
}