{
  "config": {
    "run_name": "exp1_4",
    "out_dir": "./results",
    "seed": 42,
    "device": null,
    "bs_train": 128,
    "bs_test": 32,
    "batches": 100,
    "epochs": 100,
    "early_stopping": 8,
    "checkpoints": null,
    "lr": 0.001,
    "reg": 0.001,
    "filters_per_layer": [
      64,
      128,
      256
    ],
    "layers_per_block": 8,
    "pool_every": 4,
    "hidden_dims": [
      100
    ],
    "model_type": "resnet",
    "kw": {}
  },
  "results": {
    "num_epochs": 32,
    "train_loss": [
      1.620732069015503,
      1.130439281463623,
      0.937995195388794,
      0.8292428255081177,
      0.7483069896697998,
      0.7071676850318909,
      0.6700879335403442,
      0.6368144154548645,
      0.6074545979499817,
      0.5902623534202576,
      0.5655449032783508,
      0.5472201108932495,
      0.5317488312721252,
      0.513993501663208,
      0.5013012290000916,
      0.4845801591873169,
      0.4735860526561737,
      0.4673689305782318,
      0.44988659024238586,
      0.4413602352142334,
      0.4318297505378723,
      0.4289443790912628,
      0.40884971618652344,
      0.4128231704235077,
      0.4008268713951111,
      0.40163782238960266,
      0.3917902410030365,
      0.38269031047821045,
      0.38266852498054504,
      0.36934390664100647,
      0.3662589490413666,
      0.36263182759284973
    ],
    "train_acc": [
      42.704,
      61.994,
      69.178,
      73.182,
      76.146,
      77.792,
      78.884,
      80.07,
      81.09,
      82.066,
      82.514,
      83.152,
      83.774,
      84.27,
      84.694,
      85.172,
      85.568,
      85.748,
      86.218,
      86.582,
      86.936,
      86.994,
      87.398,
      87.384,
      87.846,
      87.8,
      88.236,
      88.226,
      88.508,
      88.79,
      88.82,
      89.008
    ],
    "test_loss": [
      1.550754427909851,
      1.2552138566970825,
      0.8971054553985596,
      0.8385087847709656,
      0.7932603359222412,
      0.8595314621925354,
      0.7072526812553406,
      0.7875286340713501,
      0.6573823690414429,
      0.6202757358551025,
      0.6449381113052368,
      0.6147812604904175,
      0.6263996362686157,
      0.6484658718109131,
      0.6154130101203918,
      0.628817081451416,
      0.614524245262146,
      0.5546948909759521,
      0.5665823817253113,
      0.6261367797851562,
      0.5892511606216431,
      0.5397742986679077,
      0.5434496998786926,
      0.5312929153442383,
      0.5311472415924072,
      0.591903567314148,
      0.5572160482406616,
      0.5930619835853577,
      0.5617489218711853,
      0.5695025324821472,
      0.5417724251747131,
      0.593108594417572
    ],
    "test_acc": [
      43.33,
      56.0,
      67.97,
      70.65,
      71.94,
      70.47,
      75.06,
      72.74,
      77.07,
      78.63,
      77.37,
      78.69,
      78.23,
      77.37,
      78.96,
      78.82,
      78.99,
      81.06,
      80.34,
      78.59,
      79.62,
      81.52,
      81.76,
      82.15,
      81.9,
      80.39,
      81.0,
      80.22,
      81.32,
      80.95,
      81.73,
      80.82
    ]
  }
}