{
  "config": {
    "run_name": "exp1_4",
    "out_dir": "./results",
    "seed": 42,
    "device": null,
    "bs_train": 128,
    "bs_test": 32,
    "batches": 100,
    "epochs": 100,
    "early_stopping": 8,
    "checkpoints": null,
    "lr": 0.001,
    "reg": 0.001,
    "filters_per_layer": [
      32
    ],
    "layers_per_block": 8,
    "pool_every": 4,
    "hidden_dims": [
      100
    ],
    "model_type": "resnet",
    "kw": {}
  },
  "results": {
    "num_epochs": 20,
    "train_loss": [
      1.5362080335617065,
      1.0788681507110596,
      0.9075117707252502,
      0.8198760151863098,
      0.7465977668762207,
      0.6975924372673035,
      0.6519826650619507,
      0.6099203824996948,
      0.5731545090675354,
      0.5375657081604004,
      0.5092591047286987,
      0.4860316812992096,
      0.4607536196708679,
      0.43421119451522827,
      0.4158496558666229,
      0.3956630229949951,
      0.3727109134197235,
      0.35520634055137634,
      0.349414587020874,
      0.32985079288482666
    ],
    "train_acc": [
      46.918,
      63.728,
      69.66,
      72.856,
      75.618,
      77.436,
      79.298,
      80.916,
      82.106,
      83.496,
      84.574,
      85.37,
      86.46,
      87.378,
      88.152,
      88.956,
      89.88,
      90.49,
      90.568,
      91.438
    ],
    "test_loss": [
      1.212850570678711,
      0.9763718843460083,
      0.8593282699584961,
      0.8541356921195984,
      0.8200041055679321,
      0.7659279704093933,
      0.7493929266929626,
      0.7395126819610596,
      0.7433861494064331,
      0.7717317938804626,
      0.7670344710350037,
      0.7464847564697266,
      0.757712721824646,
      0.748560905456543,
      0.8020182847976685,
      0.7575289011001587,
      0.7751104235649109,
      0.8198579549789429,
      0.7952991127967834,
      0.8007277846336365
    ],
    "test_acc": [
      57.11,
      65.81,
      69.82,
      70.14,
      71.16,
      73.72,
      73.72,
      74.18,
      74.18,
      73.45,
      74.16,
      74.91,
      74.21,
      74.75,
      73.35,
      74.89,
      74.17,
      73.33,
      74.58,
      74.12
    ]
  }
}