{
  "config": {
    "run_name": "exp1_1_L8_K64",
    "out_dir": "./results",
    "seed": 42,
    "device": null,
    "bs_train": 128,
    "bs_test": 32,
    "batches": 100,
    "epochs": 10,
    "early_stopping": 8,
    "checkpoints": null,
    "lr": 0.001,
    "reg": 0.001,
    "filters_per_layer": [
      64
    ],
    "layers_per_block": 8,
    "pool_every": 2,
    "hidden_dims": [
      100
    ],
    "model_type": "cnn",
    "kw": {}
  },
  "results": {
    "num_epochs": 9,
    "train_loss": [
      2.302903175354004,
      2.3029046058654785,
      2.302776575088501,
      2.3028321266174316,
      2.3027639389038086,
      2.3026907444000244,
      2.302715539932251,
      2.3027172088623047,
      2.302729606628418
    ],
    "train_acc": [
      10.172,
      9.86,
      10.084,
      9.908,
      9.98,
      10.066,
      9.794,
      9.798,
      9.772
    ],
    "test_loss": [
      2.302730083465576,
      2.30269455909729,
      2.3026671409606934,
      2.3026325702667236,
      2.302612543106079,
      2.3026106357574463,
      2.302591323852539,
      2.3026089668273926,
      2.3025879859924316
    ],
    "test_acc": [
      10.0,
      10.0,
      10.0,
      10.0,
      10.0,
      10.0,
      10.0,
      10.0,
      10.0
    ]
  }
}