{
  "config": {
    "run_name": "exp1_4",
    "out_dir": "./results",
    "seed": 42,
    "device": null,
    "bs_train": 128,
    "bs_test": 32,
    "batches": 100,
    "epochs": 100,
    "early_stopping": 8,
    "checkpoints": null,
    "lr": 0.001,
    "reg": 0.001,
    "filters_per_layer": [
      32
    ],
    "layers_per_block": 32,
    "pool_every": 16,
    "hidden_dims": [
      100
    ],
    "model_type": "resnet",
    "kw": {}
  },
  "results": {
    "num_epochs": 63,
    "train_loss": [
      1.7589659690856934,
      1.339663028717041,
      1.1424323320388794,
      1.0382969379425049,
      0.9780241250991821,
      0.9279491901397705,
      0.8864073753356934,
      0.8569638729095459,
      0.8339765667915344,
      0.8047480583190918,
      0.7819857001304626,
      0.7667306661605835,
      0.7495415806770325,
      0.7334105372428894,
      0.7217233777046204,
      0.6990851759910583,
      0.6968316435813904,
      0.6808912754058838,
      0.6772629618644714,
      0.6632728576660156,
      0.657840371131897,
      0.6411020159721375,
      0.6367325186729431,
      0.635900616645813,
      0.6213670372962952,
      0.6204545497894287,
      0.6128861904144287,
      0.6055790185928345,
      0.5957431793212891,
      0.5893572568893433,
      0.5880512595176697,
      0.5828015208244324,
      0.5809490084648132,
      0.5746448040008545,
      0.5653934478759766,
      0.5632409453392029,
      0.5631013512611389,
      0.5524780750274658,
      0.55240797996521,
      0.5494152307510376,
      0.5439238548278809,
      0.5429884195327759,
      0.5385187864303589,
      0.5364875793457031,
      0.529061496257782,
      0.5260239839553833,
      0.5138379335403442,
      0.5226512551307678,
      0.514093816280365,
      0.5145602226257324,
      0.5113683342933655,
      0.5061041116714478,
      0.4999624192714691,
      0.49485713243484497,
      0.49411165714263916,
      0.4990255832672119,
      0.49139466881752014,
      0.48768776655197144,
      0.4911954700946808,
      0.48447543382644653,
      0.48008841276168823,
      0.4793967604637146,
      0.4723111391067505
    ],
    "train_acc": [
      36.682,
      53.254,
      60.732,
      64.428,
      66.736,
      68.362,
      70.26,
      71.0,
      71.774,
      72.936,
      73.984,
      74.4,
      74.88,
      75.612,
      76.108,
      76.604,
      76.846,
      77.574,
      77.504,
      77.97,
      78.428,
      79.112,
      78.976,
      78.72,
      79.618,
      79.556,
      79.718,
      79.99,
      80.168,
      80.37,
      80.512,
      80.832,
      80.724,
      81.112,
      81.404,
      81.644,
      81.618,
      81.892,
      81.738,
      81.818,
      82.27,
      81.996,
      82.098,
      82.622,
      82.69,
      82.806,
      82.948,
      82.708,
      83.158,
      83.246,
      83.306,
      83.394,
      83.452,
      83.634,
      83.734,
      83.68,
      84.166,
      84.164,
      84.016,
      83.982,
      84.33,
      84.272,
      84.48
    ],
    "test_loss": [
      1.4055712223052979,
      1.2939788103103638,
      1.0361461639404297,
      1.014047622680664,
      0.9371706247329712,
      0.9208711981773376,
      0.9979679584503174,
      0.8538106679916382,
      0.8680214881896973,
      0.8530615568161011,
      0.8119121789932251,
      0.8621314167976379,
      0.8774346709251404,
      0.7867578864097595,
      0.813353955745697,
      0.8162298202514648,
      0.8069441318511963,
      0.7708374261856079,
      0.8023051619529724,
      0.7700644135475159,
      0.8121405243873596,
      0.7912322878837585,
      0.7978614568710327,
      0.795434832572937,
      0.7785419225692749,
      0.807901918888092,
      0.7808882594108582,
      0.8154546618461609,
      0.8025898933410645,
      0.7871937155723572,
      0.8029282689094543,
      0.8232954144477844,
      0.7626569271087646,
      0.8067473769187927,
      0.8165721893310547,
      0.7599402070045471,
      0.7712167501449585,
      0.7626418471336365,
      0.7807138562202454,
      0.7905082106590271,
      0.7648216485977173,
      0.7700621485710144,
      0.7828255891799927,
      0.7668717503547668,
      0.777984619140625,
      0.7872377038002014,
      0.7662768363952637,
      0.7743464112281799,
      0.8004639148712158,
      0.7689482569694519,
      0.7634714841842651,
      0.7926561832427979,
      0.8059475421905518,
      0.7755512595176697,
      0.7587935328483582,
      0.7898961901664734,
      0.8021987676620483,
      0.7773128151893616,
      0.7741608619689941,
      0.8388606309890747,
      0.7938951253890991,
      0.8232259750366211,
      0.787680447101593
    ],
    "test_acc": [
      48.2,
      54.44,
      63.13,
      64.22,
      67.22,
      67.7,
      66.38,
      70.3,
      69.76,
      70.72,
      71.94,
      70.96,
      70.37,
      73.01,
      72.02,
      72.42,
      72.77,
      73.43,
      72.73,
      73.48,
      73.19,
      73.6,
      73.33,
      73.39,
      73.65,
      73.06,
      74.13,
      72.99,
      73.11,
      73.38,
      73.22,
      72.68,
      74.46,
      73.84,
      73.66,
      74.22,
      74.31,
      74.68,
      74.59,
      74.07,
      74.62,
      74.69,
      74.82,
      74.83,
      74.28,
      74.05,
      74.92,
      74.5,
      74.58,
      74.67,
      74.83,
      73.92,
      74.22,
      75.33,
      75.68,
      74.77,
      74.09,
      75.0,
      74.57,
      73.4,
      74.35,
      73.48,
      74.34
    ]
  }
}