{
  "config": {
    "run_name": "exp1_1",
    "out_dir": "./results",
    "seed": 42,
    "device": null,
    "bs_train": 128,
    "bs_test": 32,
    "batches": 100,
    "epochs": 100,
    "early_stopping": 8,
    "checkpoints": null,
    "lr": 0.001,
    "reg": 0.001,
    "filters_per_layer": [
      64
    ],
    "layers_per_block": 4,
    "pool_every": 2,
    "hidden_dims": [
      100
    ],
    "model_type": "cnn",
    "kw": {}
  },
  "results": {
    "num_epochs": 17,
    "train_loss": [
      1.4736601114273071,
      1.0550521612167358,
      0.9111192226409912,
      0.8210262656211853,
      0.7449907660484314,
      0.6773058176040649,
      0.621161162853241,
      0.5708879232406616,
      0.5182861685752869,
      0.4735308885574341,
      0.42769739031791687,
      0.39792177081108093,
      0.3668585419654846,
      0.31991657614707947,
      0.29788026213645935,
      0.2864357531070709,
      0.27162691950798035
    ],
    "train_acc": [
      49.928,
      66.108,
      71.51,
      75.18,
      78.126,
      80.738,
      82.994,
      85.092,
      87.298,
      89.008,
      91.0,
      92.106,
      93.234,
      94.666,
      95.65,
      96.102,
      96.552
    ],
    "test_loss": [
      1.157848596572876,
      1.024743914604187,
      0.9574178457260132,
      0.8835509419441223,
      0.8605177998542786,
      0.8337056040763855,
      0.8746394515037537,
      0.8412420153617859,
      0.8376337885856628,
      0.8463720679283142,
      0.8712253570556641,
      0.919414758682251,
      0.8981865048408508,
      0.9053610563278198,
      0.9142341017723083,
      0.9128279089927673,
      0.9322681427001953
    ],
    "test_acc": [
      59.31,
      64.77,
      66.74,
      69.31,
      70.12,
      71.17,
      69.76,
      71.22,
      71.62,
      71.11,
      71.34,
      70.09,
      71.13,
      70.91,
      71.32,
      71.22,
      71.52
    ]
  }
}