{
  "config": {
    "run_name": "exp1_1_L2_K32",
    "out_dir": "./results",
    "seed": 42,
    "device": null,
    "bs_train": 128,
    "bs_test": 32,
    "batches": 100,
    "epochs": 10,
    "early_stopping": 8,
    "checkpoints": null,
    "lr": 0.001,
    "reg": 0.001,
    "filters_per_layer": [
      32
    ],
    "layers_per_block": 2,
    "pool_every": 2,
    "hidden_dims": [
      100
    ],
    "model_type": "cnn",
    "kw": {}
  },
  "results": {
    "num_epochs": 10,
    "train_loss": [
      1.5341423749923706,
      1.2087793350219727,
      1.0660687685012817,
      0.9795762300491333,
      0.9060971736907959,
      0.8571372032165527,
      0.8096046447753906,
      0.7689024209976196,
      0.731080949306488,
      0.6949940323829651
    ],
    "train_acc": [
      45.834,
      58.482,
      63.764,
      66.894,
      69.76,
      71.582,
      73.648,
      74.9,
      76.424,
      77.682
    ],
    "test_loss": [
      1.300816297531128,
      1.1618083715438843,
      1.0464051961898804,
      0.9871135950088501,
      0.9453146457672119,
      0.9641765356063843,
      0.9116610288619995,
      0.9570927619934082,
      0.9110576510429382,
      0.8681413531303406
    ],
    "test_acc": [
      53.9,
      58.3,
      63.11,
      65.62,
      67.18,
      66.17,
      68.5,
      67.06,
      68.69,
      70.57
    ]
  }
}