{
  "config": {
    "run_name": "exp1_2",
    "out_dir": "./results",
    "seed": 42,
    "device": null,
    "bs_train": 128,
    "bs_test": 32,
    "batches": 100,
    "epochs": 100,
    "early_stopping": 8,
    "checkpoints": null,
    "lr": 0.0001,
    "reg": 0.001,
    "filters_per_layer": [
      128
    ],
    "layers_per_block": 8,
    "pool_every": 4,
    "hidden_dims": [
      100
    ],
    "model_type": "cnn",
    "kw": {}
  },
  "results": {
    "num_epochs": 33,
    "train_loss": [
      1.7282689809799194,
      1.4179046154022217,
      1.2511323690414429,
      1.1118098497390747,
      1.0021916627883911,
      0.909449577331543,
      0.8317450881004333,
      0.7633578181266785,
      0.6967485547065735,
      0.6389265060424805,
      0.5885582566261292,
      0.5327536463737488,
      0.484140545129776,
      0.43298009037971497,
      0.3936637341976166,
      0.35108131170272827,
      0.31059592962265015,
      0.275811105966568,
      0.24373304843902588,
      0.213326096534729,
      0.18692627549171448,
      0.1598624587059021,
      0.13883115351200104,
      0.1219591572880745,
      0.10494683682918549,
      0.09353090077638626,
      0.08599717170000076,
      0.07208864390850067,
      0.06423036009073257,
      0.06136045977473259,
      0.057364899665117264,
      0.0525355339050293,
      0.04776420071721077
    ],
    "train_acc": [
      38.952,
      51.14,
      57.286,
      62.758,
      66.882,
      70.292,
      73.112,
      75.81,
      78.262,
      80.354,
      82.436,
      84.84,
      86.728,
      88.644,
      90.304,
      91.942,
      93.492,
      94.752,
      95.912,
      96.882,
      97.636,
      98.324,
      98.89,
      99.204,
      99.476,
      99.654,
      99.762,
      99.85,
      99.918,
      99.928,
      99.95,
      99.958,
      99.978
    ],
    "test_loss": [
      1.5006439685821533,
      1.3345069885253906,
      1.1955325603485107,
      1.0931236743927002,
      1.0214482545852661,
      0.9818920493125916,
      0.9255099892616272,
      0.8861728310585022,
      0.853622555732727,
      0.849608302116394,
      0.8290458917617798,
      0.8170238137245178,
      0.8004332780838013,
      0.7990511655807495,
      0.8128967881202698,
      0.7864924073219299,
      0.8055030107498169,
      0.7917999029159546,
      0.8081283569335938,
      0.8106491565704346,
      0.8179793953895569,
      0.8379881381988525,
      0.8334646821022034,
      0.8371968269348145,
      0.8455212712287903,
      0.8794406056404114,
      0.8929305672645569,
      0.8860036730766296,
      0.9108930230140686,
      0.9113205075263977,
      0.9236997961997986,
      0.9261635541915894,
      0.9419382214546204
    ],
    "test_acc": [
      46.53,
      52.82,
      58.52,
      61.48,
      63.72,
      65.47,
      67.66,
      69.11,
      70.48,
      70.69,
      71.12,
      71.46,
      72.02,
      72.16,
      72.18,
      72.65,
      72.62,
      72.94,
      72.58,
      72.86,
      72.95,
      72.75,
      73.07,
      72.96,
      73.28,
      72.5,
      72.56,
      72.71,
      72.31,
      72.22,
      72.43,
      72.4,
      72.48
    ]
  }
}