{
  "config": {
    "run_name": "exp1_4",
    "out_dir": "./results",
    "seed": 42,
    "device": null,
    "bs_train": 128,
    "bs_test": 32,
    "batches": 100,
    "epochs": 100,
    "early_stopping": 8,
    "checkpoints": null,
    "lr": 0.001,
    "reg": 0.001,
    "filters_per_layer": [
      64,
      128,
      256
    ],
    "layers_per_block": 8,
    "pool_every": 4,
    "hidden_dims": [
      100
    ],
    "model_type": "resnet",
    "kw": {}
  },
  "results": {
    "num_epochs": 30,
    "train_loss": [
      1.6639938354492188,
      1.1620445251464844,
      0.9169356822967529,
      0.8036261796951294,
      0.7167346477508545,
      0.6649197936058044,
      0.6263530254364014,
      0.5847036838531494,
      0.5504783987998962,
      0.5230650305747986,
      0.49876201152801514,
      0.47776293754577637,
      0.45913398265838623,
      0.4384768009185791,
      0.4239467680454254,
      0.40777844190597534,
      0.39656347036361694,
      0.38991275429725647,
      0.37733587622642517,
      0.36883530020713806,
      0.3588317036628723,
      0.35444551706314087,
      0.3391263782978058,
      0.343670517206192,
      0.3260412812232971,
      0.32373738288879395,
      0.3193630874156952,
      0.3177478313446045,
      0.307162344455719,
      0.30357012152671814
    ],
    "train_acc": [
      39.368,
      60.068,
      69.542,
      73.91,
      76.596,
      78.696,
      80.176,
      81.602,
      82.914,
      83.814,
      84.91,
      85.274,
      86.16,
      86.854,
      87.124,
      87.55,
      88.302,
      88.332,
      88.844,
      89.224,
      89.33,
      89.516,
      89.88,
      89.894,
      90.294,
      90.588,
      90.552,
      90.718,
      91.018,
      91.194
    ],
    "test_loss": [
      1.3744878768920898,
      1.0016860961914062,
      0.8923435211181641,
      0.7630770206451416,
      0.7030318379402161,
      0.7262781858444214,
      0.6431242227554321,
      0.7103865742683411,
      0.5751940011978149,
      0.573265790939331,
      0.6087543964385986,
      0.5582287907600403,
      0.5495852828025818,
      0.5107107162475586,
      0.4894618093967438,
      0.5578044056892395,
      0.481688529253006,
      0.4771554470062256,
      0.48325178027153015,
      0.48825135827064514,
      0.48861703276634216,
      0.46064063906669617,
      0.4751470386981964,
      0.47812819480895996,
      0.4816751480102539,
      0.4725841283798218,
      0.4864597022533417,
      0.4799402058124542,
      0.46748167276382446,
      0.5178037881851196
    ],
    "test_acc": [
      49.73,
      63.87,
      68.41,
      73.09,
      75.64,
      74.75,
      78.14,
      75.81,
      80.41,
      80.39,
      79.11,
      80.91,
      81.36,
      82.74,
      83.46,
      81.73,
      83.6,
      84.56,
      84.11,
      83.79,
      83.72,
      84.67,
      84.42,
      83.97,
      83.91,
      84.34,
      84.01,
      84.23,
      84.52,
      82.93
    ]
  }
}