{
  "config": {
    "run_name": "exp1_3",
    "out_dir": "./results",
    "seed": 42,
    "device": null,
    "bs_train": 128,
    "bs_test": 32,
    "batches": 100,
    "epochs": 100,
    "early_stopping": 8,
    "checkpoints": null,
    "lr": 0.001,
    "reg": 0.001,
    "filters_per_layer": [
      64,
      128
    ],
    "layers_per_block": 2,
    "pool_every": 1,
    "hidden_dims": [
      100
    ],
    "model_type": "cnn",
    "kw": {}
  },
  "results": {
    "num_epochs": 17,
    "train_loss": [
      1.4900931119918823,
      1.0642755031585693,
      0.8791967630386353,
      0.7745068073272705,
      0.6878129243850708,
      0.6215847730636597,
      0.5585188865661621,
      0.49932241439819336,
      0.4622398316860199,
      0.4153275787830353,
      0.37201038002967834,
      0.3394387364387512,
      0.31038984656333923,
      0.27668842673301697,
      0.2586381435394287,
      0.2336929589509964,
      0.23404383659362793
    ],
    "train_acc": [
      47.768,
      64.55,
      71.628,
      75.85,
      79.246,
      81.912,
      84.178,
      86.388,
      88.052,
      89.852,
      91.576,
      92.692,
      93.828,
      94.99,
      95.588,
      96.408,
      96.658
    ],
    "test_loss": [
      1.1997840404510498,
      1.0380363464355469,
      0.9196188449859619,
      0.8410701751708984,
      0.8066045641899109,
      0.8205129504203796,
      0.7553364634513855,
      0.7539927959442139,
      0.7448107600212097,
      0.7652157545089722,
      0.7813205122947693,
      0.7822762727737427,
      0.7998674511909485,
      0.8366171717643738,
      0.9025983810424805,
      0.838986873626709,
      0.8921631574630737
    ],
    "test_acc": [
      56.5,
      63.31,
      67.83,
      70.52,
      71.96,
      71.96,
      73.98,
      74.39,
      74.98,
      74.56,
      74.7,
      74.72,
      74.6,
      74.44,
      73.24,
      74.92,
      74.49
    ]
  }
}