{
  "config": {
    "run_name": "exp1_2",
    "out_dir": "./results",
    "seed": 42,
    "device": null,
    "bs_train": 128,
    "bs_test": 32,
    "batches": 100,
    "epochs": 100,
    "early_stopping": 8,
    "checkpoints": null,
    "lr": 0.001,
    "reg": 0.001,
    "filters_per_layer": [
      128
    ],
    "layers_per_block": 2,
    "pool_every": 1,
    "hidden_dims": [
      100
    ],
    "model_type": "cnn",
    "kw": {}
  },
  "results": {
    "num_epochs": 21,
    "train_loss": [
      1.463957667350769,
      1.1054463386535645,
      0.9809244275093079,
      0.9111133813858032,
      0.8584504723548889,
      0.8030497431755066,
      0.7659226655960083,
      0.7261976599693298,
      0.6919018030166626,
      0.6541798114776611,
      0.6265294551849365,
      0.5903548002243042,
      0.5639030337333679,
      0.5399829149246216,
      0.5194135308265686,
      0.4882941246032715,
      0.4631684720516205,
      0.44924598932266235,
      0.423075407743454,
      0.410189688205719,
      0.3945857584476471
    ],
    "train_acc": [
      50.012,
      63.888,
      68.656,
      71.406,
      73.336,
      75.446,
      76.954,
      78.562,
      79.834,
      81.468,
      82.532,
      84.226,
      85.082,
      86.112,
      87.106,
      88.29,
      89.142,
      90.086,
      90.69,
      91.356,
      91.938
    ],
    "test_loss": [
      1.2159452438354492,
      1.0551379919052124,
      1.0509459972381592,
      0.9535385966300964,
      0.9318864941596985,
      0.9281821846961975,
      0.9109411239624023,
      0.9221618175506592,
      0.886593759059906,
      0.8703897595405579,
      0.8651930093765259,
      0.8736690878868103,
      0.8523660898208618,
      0.9731280207633972,
      0.9074193835258484,
      0.9623821377754211,
      0.9403432011604309,
      0.9045286178588867,
      0.9172006249427795,
      0.9089617729187012,
      0.9325898885726929
    ],
    "test_acc": [
      55.84,
      62.5,
      62.73,
      67.05,
      67.7,
      67.11,
      68.28,
      68.0,
      69.16,
      69.68,
      70.01,
      70.54,
      70.76,
      67.81,
      69.19,
      67.71,
      69.53,
      70.21,
      69.07,
      69.74,
      69.24
    ]
  }
}