{
  "config": {
    "run_name": "exp1_2",
    "out_dir": "./results",
    "seed": 42,
    "device": null,
    "bs_train": 128,
    "bs_test": 32,
    "batches": 100,
    "epochs": 100,
    "early_stopping": 8,
    "checkpoints": null,
    "lr": 0.001,
    "reg": 0.001,
    "filters_per_layer": [
      64
    ],
    "layers_per_block": 8,
    "pool_every": 4,
    "hidden_dims": [
      100
    ],
    "model_type": "cnn",
    "kw": {}
  },
  "results": {
    "num_epochs": 25,
    "train_loss": [
      1.5960233211517334,
      1.1395015716552734,
      0.9591233134269714,
      0.8521987795829773,
      0.7788055539131165,
      0.7065708041191101,
      0.6476544737815857,
      0.594075083732605,
      0.544252336025238,
      0.5057472586631775,
      0.4630403220653534,
      0.41058409214019775,
      0.37332674860954285,
      0.3566935360431671,
      0.32962703704833984,
      0.31416988372802734,
      0.28390759229660034,
      0.2822257876396179,
      0.2682027220726013,
      0.2520979046821594,
      0.2478194683790207,
      0.23649471998214722,
      0.22478191554546356,
      0.2216549664735794,
      0.22646652162075043
    ],
    "train_acc": [
      44.904,
      63.352,
      70.628,
      74.804,
      77.728,
      80.636,
      82.836,
      85.066,
      87.148,
      88.744,
      90.35,
      92.39,
      93.738,
      94.492,
      95.336,
      95.904,
      96.708,
      96.88,
      97.262,
      97.678,
      97.652,
      97.996,
      98.338,
      98.388,
      98.252
    ],
    "test_loss": [
      1.258707046508789,
      1.024550199508667,
      0.9818998575210571,
      0.9073061943054199,
      0.8985732793807983,
      0.8390321135520935,
      0.8552219867706299,
      0.8599563837051392,
      0.873680830001831,
      0.857594907283783,
      0.8629477024078369,
      0.8844176530838013,
      0.9076172113418579,
      0.915797233581543,
      0.9546838402748108,
      0.9179680347442627,
      0.9354559779167175,
      0.9702007174491882,
      0.9937320947647095,
      0.9901683330535889,
      1.0068237781524658,
      0.9841191172599792,
      0.9844529032707214,
      1.0604209899902344,
      1.017872929573059
    ],
    "test_acc": [
      55.26,
      64.07,
      65.31,
      68.51,
      68.63,
      70.84,
      70.36,
      70.27,
      70.88,
      71.16,
      71.29,
      71.02,
      70.06,
      70.28,
      70.95,
      70.96,
      71.4,
      70.34,
      70.64,
      70.85,
      70.1,
      70.86,
      71.19,
      69.43,
      69.86
    ]
  }
}