{
  "config": {
    "run_name": "exp1_2",
    "out_dir": "./results",
    "seed": 42,
    "device": null,
    "bs_train": 128,
    "bs_test": 32,
    "batches": 100,
    "epochs": 100,
    "early_stopping": 8,
    "checkpoints": null,
    "lr": 0.001,
    "reg": 0.001,
    "filters_per_layer": [
      32
    ],
    "layers_per_block": 2,
    "pool_every": 1,
    "hidden_dims": [
      100
    ],
    "model_type": "cnn",
    "kw": {}
  },
  "results": {
    "num_epochs": 27,
    "train_loss": [
      1.6156456470489502,
      1.2997040748596191,
      1.1786006689071655,
      1.088167428970337,
      1.0169847011566162,
      0.9629102945327759,
      0.9142484664916992,
      0.8763410449028015,
      0.8479810953140259,
      0.8077642321586609,
      0.7840721011161804,
      0.7607431411743164,
      0.7345141768455505,
      0.7112681269645691,
      0.6909858584403992,
      0.6740084290504456,
      0.6495600938796997,
      0.6305186152458191,
      0.6132712960243225,
      0.5921381711959839,
      0.5776014924049377,
      0.5598377585411072,
      0.5424991250038147,
      0.5267437100410461,
      0.5183253884315491,
      0.49598732590675354,
      0.484548419713974
    ],
    "train_acc": [
      42.786,
      54.522,
      59.29,
      62.602,
      65.31,
      67.436,
      69.232,
      70.57,
      71.618,
      73.168,
      73.932,
      74.974,
      75.966,
      76.858,
      77.456,
      78.062,
      79.142,
      79.864,
      80.448,
      81.358,
      81.778,
      82.614,
      83.148,
      83.704,
      84.04,
      85.15,
      85.376
    ],
    "test_loss": [
      1.3464019298553467,
      1.252039909362793,
      1.1369004249572754,
      1.1006685495376587,
      1.0224770307540894,
      1.0234134197235107,
      0.9682025909423828,
      0.9649025201797485,
      0.9137254357337952,
      0.9205982089042664,
      0.9007999300956726,
      0.8887099623680115,
      0.8708623647689819,
      0.8846055865287781,
      0.912560224533081,
      0.9026590585708618,
      0.8893522024154663,
      0.886852502822876,
      0.8499717712402344,
      0.863792896270752,
      0.9125152230262756,
      0.8616071343421936,
      0.9065637588500977,
      0.9017065763473511,
      0.9565529227256775,
      0.907533586025238,
      0.9191170930862427
    ],
    "test_acc": [
      51.93,
      55.82,
      59.65,
      61.28,
      64.34,
      64.6,
      66.25,
      66.0,
      68.47,
      67.71,
      68.85,
      69.27,
      69.84,
      69.43,
      68.36,
      68.81,
      69.58,
      69.97,
      70.88,
      70.63,
      69.35,
      70.73,
      70.55,
      70.06,
      68.37,
      70.42,
      70.26
    ]
  }
}