{
  "config": {
    "run_name": "exp1_1",
    "out_dir": "./results",
    "seed": 42,
    "device": null,
    "bs_train": 128,
    "bs_test": 32,
    "batches": 100,
    "epochs": 100,
    "early_stopping": 8,
    "checkpoints": null,
    "lr": 0.001,
    "reg": 0.001,
    "filters_per_layer": [
      32
    ],
    "layers_per_block": 8,
    "pool_every": 4,
    "hidden_dims": [
      100
    ],
    "model_type": "cnn",
    "kw": {}
  },
  "results": {
    "num_epochs": 23,
    "train_loss": [
      1.6368907690048218,
      1.1827675104141235,
      0.9885760545730591,
      0.8826125264167786,
      0.7925805449485779,
      0.715046226978302,
      0.6501874327659607,
      0.5982409715652466,
      0.5425341725349426,
      0.500524640083313,
      0.4503827393054962,
      0.41063594818115234,
      0.3762029707431793,
      0.33701440691947937,
      0.30786141753196716,
      0.2877475917339325,
      0.2614125907421112,
      0.24296148121356964,
      0.23948663473129272,
      0.21778348088264465,
      0.21087390184402466,
      0.19878026843070984,
      0.18284514546394348
    ],
    "train_acc": [
      42.48,
      60.59,
      68.188,
      72.098,
      75.568,
      78.208,
      80.95,
      82.91,
      85.204,
      86.852,
      88.924,
      90.466,
      91.768,
      93.372,
      94.49,
      95.164,
      96.074,
      96.69,
      96.842,
      97.484,
      97.65,
      97.964,
      98.426
    ],
    "test_loss": [
      1.2851040363311768,
      1.1068612337112427,
      0.9945022463798523,
      0.9466502070426941,
      0.9230279922485352,
      0.8875571489334106,
      0.912538468837738,
      0.8829942941665649,
      0.9282457232475281,
      0.9055663347244263,
      0.9178285002708435,
      0.8938317894935608,
      0.893462061882019,
      0.9402025938034058,
      0.9315025210380554,
      0.9759531021118164,
      0.9757506251335144,
      0.9909698963165283,
      1.0207210779190063,
      1.002943992614746,
      1.0510576963424683,
      1.0433481931686401,
      1.042525053024292
    ],
    "test_acc": [
      54.46,
      61.22,
      65.37,
      67.0,
      67.94,
      69.25,
      68.42,
      69.81,
      68.53,
      69.63,
      69.52,
      70.15,
      70.47,
      70.22,
      70.73,
      69.66,
      69.99,
      69.69,
      69.7,
      69.86,
      69.48,
      69.75,
      69.69
    ]
  }
}