{
  "config": {
    "run_name": "exp1_1_L8_K32",
    "out_dir": "./results",
    "seed": 42,
    "device": null,
    "bs_train": 128,
    "bs_test": 32,
    "batches": 100,
    "epochs": 10,
    "early_stopping": 8,
    "checkpoints": null,
    "lr": 0.001,
    "reg": 0.001,
    "filters_per_layer": [
      32
    ],
    "layers_per_block": 8,
    "pool_every": 2,
    "hidden_dims": [
      100
    ],
    "model_type": "cnn",
    "kw": {}
  },
  "results": {
    "num_epochs": 9,
    "train_loss": [
      2.3031744956970215,
      2.302954912185669,
      2.302913188934326,
      2.3028132915496826,
      2.3028862476348877,
      2.3027563095092773,
      2.3027868270874023,
      2.3027701377868652,
      2.3027408123016357
    ],
    "train_acc": [
      10.076,
      10.004,
      9.894,
      10.038,
      9.928,
      10.066,
      10.002,
      9.56,
      9.956
    ],
    "test_loss": [
      2.302807092666626,
      2.302797794342041,
      2.302659273147583,
      2.302781820297241,
      2.3026676177978516,
      2.3026926517486572,
      2.302617073059082,
      2.3025901317596436,
      2.302607297897339
    ],
    "test_acc": [
      10.0,
      10.0,
      10.0,
      10.0,
      10.0,
      10.0,
      10.0,
      10.0,
      10.0
    ]
  }
}