{
  "config": {
    "run_name": "exp1_2",
    "out_dir": "./results",
    "seed": 42,
    "device": null,
    "bs_train": 128,
    "bs_test": 32,
    "batches": 100,
    "epochs": 100,
    "early_stopping": 8,
    "checkpoints": null,
    "lr": 0.001,
    "reg": 0.001,
    "filters_per_layer": [
      128
    ],
    "layers_per_block": 2,
    "pool_every": 1,
    "hidden_dims": [
      100
    ],
    "model_type": "cnn",
    "kw": {}
  },
  "results": {
    "num_epochs": 26,
    "train_loss": [
      1.5741143226623535,
      1.2300257682800293,
      1.1147907972335815,
      1.0312221050262451,
      0.9517866969108582,
      0.8962259292602539,
      0.8556046485900879,
      0.8157488107681274,
      0.7796236872673035,
      0.757842481136322,
      0.7308024168014526,
      0.7040881514549255,
      0.6800700426101685,
      0.6626745462417603,
      0.6365941762924194,
      0.623530924320221,
      0.6017284989356995,
      0.5845271348953247,
      0.5670661330223083,
      0.544937252998352,
      0.5315773487091064,
      0.5092807412147522,
      0.5022878646850586,
      0.4788700044155121,
      0.4646521210670471,
      0.4531138241291046
    ],
    "train_acc": [
      44.554,
      57.48,
      61.892,
      65.018,
      68.036,
      70.104,
      71.332,
      73.024,
      74.192,
      74.982,
      76.17,
      77.176,
      77.99,
      78.7,
      79.708,
      80.13,
      80.888,
      81.816,
      82.178,
      83.104,
      83.522,
      84.504,
      84.922,
      85.704,
      86.062,
      86.638
    ],
    "test_loss": [
      1.2988295555114746,
      1.185879111289978,
      1.1180610656738281,
      1.0208702087402344,
      0.9788028597831726,
      0.9627826809883118,
      0.9426315426826477,
      0.8828634023666382,
      0.8700845241546631,
      0.8617500066757202,
      0.860562264919281,
      0.8395528793334961,
      0.8297399878501892,
      0.8617693185806274,
      0.8709461092948914,
      0.8501780033111572,
      0.842707633972168,
      0.8228336572647095,
      0.8568289875984192,
      0.8940063118934631,
      0.8449980616569519,
      0.8737404942512512,
      0.8546489477157593,
      0.8829107880592346,
      0.9140042066574097,
      0.8930438756942749
    ],
    "test_acc": [
      53.06,
      57.68,
      60.07,
      63.8,
      65.28,
      65.43,
      66.48,
      68.87,
      69.53,
      69.88,
      69.94,
      71.06,
      71.13,
      70.05,
      70.1,
      70.68,
      70.89,
      72.07,
      70.89,
      69.83,
      71.6,
      70.79,
      71.62,
      70.99,
      70.46,
      71.05
    ]
  }
}