{
  "config": {
    "run_name": "exp1_1",
    "out_dir": "./results",
    "seed": 42,
    "device": null,
    "bs_train": 128,
    "bs_test": 32,
    "batches": 100,
    "epochs": 100,
    "early_stopping": 8,
    "checkpoints": null,
    "lr": 0.001,
    "reg": 0.001,
    "filters_per_layer": [
      64
    ],
    "layers_per_block": 2,
    "pool_every": 1,
    "hidden_dims": [
      100
    ],
    "model_type": "cnn",
    "kw": {}
  },
  "results": {
    "num_epochs": 21,
    "train_loss": [
      1.4374314546585083,
      1.1018303632736206,
      0.9821621179580688,
      0.9061440229415894,
      0.8541357517242432,
      0.8089969754219055,
      0.7748832702636719,
      0.7323375940322876,
      0.6982996463775635,
      0.6702718734741211,
      0.6331244707107544,
      0.602064847946167,
      0.5784565806388855,
      0.5545005798339844,
      0.5259870290756226,
      0.5023099184036255,
      0.47379326820373535,
      0.46255725622177124,
      0.43438786268234253,
      0.4189951419830322,
      0.4011356234550476
    ],
    "train_acc": [
      50.78,
      63.308,
      68.036,
      70.682,
      72.828,
      74.512,
      75.968,
      77.38,
      78.694,
      80.204,
      81.51,
      82.688,
      83.66,
      84.632,
      85.876,
      86.706,
      88.082,
      88.462,
      89.442,
      90.29,
      90.852
    ],
    "test_loss": [
      1.2024152278900146,
      1.0461373329162598,
      1.0308860540390015,
      0.9462010860443115,
      0.9302560091018677,
      0.9055984020233154,
      0.9046493172645569,
      0.9399815797805786,
      0.898198127746582,
      0.873772919178009,
      0.8869466781616211,
      0.9201768040657043,
      0.872022807598114,
      0.9148460030555725,
      0.9081159234046936,
      0.9012265801429749,
      0.9093108773231506,
      0.915651261806488,
      0.9081733822822571,
      0.9291422367095947,
      0.9197688698768616
    ],
    "test_acc": [
      57.73,
      62.95,
      63.82,
      66.66,
      66.88,
      68.65,
      68.38,
      67.28,
      68.68,
      70.07,
      69.97,
      68.85,
      70.56,
      69.27,
      68.87,
      69.41,
      69.26,
      69.7,
      69.83,
      69.04,
      69.6
    ]
  }
}