{
  "config": {
    "run_name": "exp1_4",
    "out_dir": "./results",
    "seed": 42,
    "device": null,
    "bs_train": 128,
    "bs_test": 32,
    "batches": 100,
    "epochs": 100,
    "early_stopping": 8,
    "checkpoints": null,
    "lr": 0.001,
    "reg": 0.001,
    "filters_per_layer": [
      32
    ],
    "layers_per_block": 16,
    "pool_every": 5,
    "hidden_dims": [
      100
    ],
    "model_type": "resnet",
    "kw": {}
  },
  "results": {
    "num_epochs": 29,
    "train_loss": [
      1.5482910871505737,
      1.0743212699890137,
      0.9203370213508606,
      0.8344678282737732,
      0.7752784490585327,
      0.7382494211196899,
      0.6980096697807312,
      0.6686578392982483,
      0.6434494853019714,
      0.6196768879890442,
      0.6017933487892151,
      0.5882773399353027,
      0.5669113397598267,
      0.5566679239273071,
      0.5409634709358215,
      0.5319729447364807,
      0.5164580345153809,
      0.506273090839386,
      0.4996775686740875,
      0.4935746490955353,
      0.48471567034721375,
      0.47465330362319946,
      0.4648669958114624,
      0.46080154180526733,
      0.4512028098106384,
      0.44496530294418335,
      0.43833139538764954,
      0.4338798522949219,
      0.4263005554676056
    ],
    "train_acc": [
      45.32,
      63.568,
      68.854,
      72.02,
      74.196,
      75.38,
      76.926,
      77.958,
      78.856,
      79.586,
      80.466,
      80.76,
      81.786,
      82.034,
      82.776,
      82.782,
      83.532,
      83.94,
      84.202,
      84.756,
      84.722,
      85.154,
      85.392,
      85.5,
      85.806,
      86.154,
      86.098,
      86.672,
      86.826
    ],
    "test_loss": [
      1.204699158668518,
      0.9835561513900757,
      0.8763907551765442,
      0.7882491946220398,
      0.7570577263832092,
      0.7428198456764221,
      0.7390666604042053,
      0.7419195771217346,
      0.7309240102767944,
      0.6674380898475647,
      0.675344705581665,
      0.6927991509437561,
      0.673639714717865,
      0.7052162289619446,
      0.6679646968841553,
      0.6547381281852722,
      0.660703718662262,
      0.6657934784889221,
      0.6496274471282959,
      0.7219648957252502,
      0.6376144886016846,
      0.6575124263763428,
      0.6438220143318176,
      0.6412056684494019,
      0.6748405694961548,
      0.6630180478096008,
      0.6514344215393066,
      0.635254442691803,
      0.6513129472732544
    ],
    "test_acc": [
      56.65,
      65.32,
      69.82,
      72.78,
      73.7,
      74.2,
      74.13,
      73.91,
      74.62,
      76.88,
      76.64,
      75.71,
      76.65,
      76.23,
      77.05,
      77.25,
      77.28,
      77.3,
      77.63,
      75.68,
      78.76,
      77.28,
      77.87,
      78.07,
      77.21,
      77.46,
      78.04,
      78.34,
      77.78
    ]
  }
}