{
  "config": {
    "run_name": "exp1_1",
    "out_dir": "./results",
    "seed": 42,
    "device": null,
    "bs_train": 128,
    "bs_test": 32,
    "batches": 100,
    "epochs": 100,
    "early_stopping": 8,
    "checkpoints": null,
    "lr": 0.001,
    "reg": 0.001,
    "filters_per_layer": [
      64
    ],
    "layers_per_block": 2,
    "pool_every": 1,
    "hidden_dims": [
      100
    ],
    "model_type": "cnn",
    "kw": {}
  },
  "results": {
    "num_epochs": 31,
    "train_loss": [
      1.554579496383667,
      1.229404091835022,
      1.1083948612213135,
      1.0201969146728516,
      0.9533716440200806,
      0.8976027965545654,
      0.8589054346084595,
      0.8228485584259033,
      0.7816379070281982,
      0.759360134601593,
      0.7203989624977112,
      0.7012409567832947,
      0.6730278134346008,
      0.6537343859672546,
      0.6306995749473572,
      0.6048184633255005,
      0.5811567902565002,
      0.5636676549911499,
      0.5382258892059326,
      0.5242630839347839,
      0.5052123665809631,
      0.4941231310367584,
      0.4699667692184448,
      0.45752349495887756,
      0.44072380661964417,
      0.4291037321090698,
      0.41605737805366516,
      0.39323359727859497,
      0.3912961184978485,
      0.37220311164855957,
      0.36423325538635254
    ],
    "train_acc": [
      45.554,
      57.476,
      62.02,
      65.222,
      67.924,
      70.08,
      71.196,
      72.712,
      74.216,
      75.174,
      76.596,
      77.27,
      78.308,
      79.064,
      79.876,
      80.932,
      81.914,
      82.438,
      83.476,
      83.718,
      84.744,
      85.204,
      85.942,
      86.482,
      87.19,
      87.728,
      88.02,
      88.88,
      89.118,
      89.812,
      90.078
    ],
    "test_loss": [
      1.2937732934951782,
      1.1490952968597412,
      1.0942132472991943,
      1.019250750541687,
      0.9640058875083923,
      0.9333418607711792,
      0.957757294178009,
      0.9043220281600952,
      0.8918439149856567,
      0.8644338846206665,
      0.8904258012771606,
      0.8854945302009583,
      0.8470494151115417,
      0.8768858313560486,
      0.8869110941886902,
      0.8741551637649536,
      0.8571495413780212,
      0.8568311929702759,
      0.8774440288543701,
      0.8542462587356567,
      0.8677219748497009,
      0.8890502452850342,
      0.8768609762191772,
      0.854304850101471,
      0.8965393304824829,
      0.9064776301383972,
      0.9233341813087463,
      0.9682775735855103,
      0.9252713322639465,
      0.9468520283699036,
      0.9701648354530334
    ],
    "test_acc": [
      53.65,
      58.85,
      61.42,
      64.45,
      66.21,
      67.29,
      67.22,
      68.81,
      68.41,
      69.7,
      69.44,
      69.51,
      70.91,
      70.54,
      69.58,
      70.58,
      70.97,
      71.46,
      70.61,
      71.69,
      71.22,
      70.75,
      71.91,
      71.89,
      71.34,
      71.16,
      71.22,
      70.26,
      71.28,
      71.03,
      70.98
    ]
  }
}