{
  "config": {
    "run_name": "exp1_4",
    "out_dir": "./results",
    "seed": 42,
    "device": null,
    "bs_train": 128,
    "bs_test": 32,
    "batches": 100,
    "epochs": 100,
    "early_stopping": 8,
    "checkpoints": null,
    "lr": 0.001,
    "reg": 0.001,
    "filters_per_layer": [
      32
    ],
    "layers_per_block": 8,
    "pool_every": 4,
    "hidden_dims": [
      100
    ],
    "model_type": "resnet",
    "kw": {}
  },
  "results": {
    "num_epochs": 24,
    "train_loss": [
      1.535696029663086,
      1.0794371366500854,
      0.9079574942588806,
      0.8169100284576416,
      0.7471126317977905,
      0.6919807195663452,
      0.6484958529472351,
      0.6092703938484192,
      0.5715959072113037,
      0.537402331829071,
      0.5122987627983093,
      0.48577171564102173,
      0.46062159538269043,
      0.43751195073127747,
      0.4118218719959259,
      0.3951588571071625,
      0.37874576449394226,
      0.36188045144081116,
      0.34792977571487427,
      0.3352082371711731,
      0.31657758355140686,
      0.30573150515556335,
      0.2934073805809021,
      0.284535676240921
    ],
    "train_acc": [
      46.84,
      63.768,
      69.524,
      73.038,
      75.858,
      77.82,
      79.276,
      80.846,
      82.074,
      83.506,
      84.376,
      85.54,
      86.332,
      87.316,
      88.244,
      89.036,
      89.746,
      90.17,
      90.76,
      91.12,
      91.802,
      92.196,
      92.74,
      92.984
    ],
    "test_loss": [
      1.1929806470870972,
      0.9835895895957947,
      0.863639235496521,
      0.8500105738639832,
      0.7879636287689209,
      0.7521817684173584,
      0.7446541786193848,
      0.7414361834526062,
      0.7680884003639221,
      0.750005304813385,
      0.7837754487991333,
      0.7509631514549255,
      0.7453458905220032,
      0.7597265243530273,
      0.7707284688949585,
      0.7522120475769043,
      0.780210554599762,
      0.8022589087486267,
      0.8212400078773499,
      0.8041965365409851,
      0.8065705299377441,
      0.8464467525482178,
      0.8372873067855835,
      0.8368351459503174
    ],
    "test_acc": [
      57.97,
      65.67,
      69.45,
      70.29,
      72.24,
      74.01,
      73.7,
      74.31,
      73.44,
      74.4,
      73.51,
      74.84,
      74.71,
      74.05,
      74.23,
      74.91,
      74.02,
      73.77,
      74.08,
      74.08,
      74.14,
      73.81,
      74.21,
      73.23
    ]
  }
}