{
  "config": {
    "run_name": "exp1_3",
    "out_dir": "./results",
    "seed": 42,
    "device": null,
    "bs_train": 128,
    "bs_test": 32,
    "batches": 100,
    "epochs": 100,
    "early_stopping": 8,
    "checkpoints": null,
    "lr": 0.001,
    "reg": 0.001,
    "filters_per_layer": [
      64,
      128
    ],
    "layers_per_block": 3,
    "pool_every": 1,
    "hidden_dims": [
      100
    ],
    "model_type": "cnn",
    "kw": {}
  },
  "results": {
    "num_epochs": 28,
    "train_loss": [
      1.6162017583847046,
      1.1617766618728638,
      0.9561218023300171,
      0.8222767114639282,
      0.7152656316757202,
      0.6447497606277466,
      0.5736520886421204,
      0.5211929678916931,
      0.47697144746780396,
      0.4221716523170471,
      0.3823176324367523,
      0.3470294773578644,
      0.3236406147480011,
      0.2952207326889038,
      0.27587056159973145,
      0.24927283823490143,
      0.235490083694458,
      0.2267952412366867,
      0.2055782824754715,
      0.19513675570487976,
      0.20935480296611786,
      0.18556679785251617,
      0.1716006100177765,
      0.1750665307044983,
      0.19028298556804657,
      0.15919217467308044,
      0.17145764827728271,
      0.1597016304731369
    ],
    "train_acc": [
      42.098,
      61.198,
      69.404,
      74.77,
      78.95,
      81.41,
      84.58,
      86.538,
      88.236,
      90.238,
      91.87,
      92.982,
      93.914,
      94.874,
      95.596,
      96.392,
      96.872,
      97.142,
      97.714,
      97.886,
      97.77,
      98.152,
      98.476,
      98.562,
      98.282,
      98.808,
      98.606,
      98.888
    ],
    "test_loss": [
      1.3452428579330444,
      1.0341157913208008,
      0.920464277267456,
      0.8643900156021118,
      0.8175961971282959,
      0.794998049736023,
      0.8156830072402954,
      0.8192862868309021,
      0.8328868746757507,
      0.7878713607788086,
      0.8131048083305359,
      0.8704943060874939,
      0.864586353302002,
      0.8740622401237488,
      0.8825089931488037,
      0.9286292195320129,
      0.9434146285057068,
      0.9241621494293213,
      0.9523789882659912,
      0.9268075227737427,
      0.9867430925369263,
      0.9867931008338928,
      0.9507889747619629,
      1.0242161750793457,
      1.0130516290664673,
      1.0428919792175293,
      1.0022873878479004,
      0.9979763627052307
    ],
    "test_acc": [
      50.92,
      64.02,
      67.96,
      70.45,
      71.97,
      72.7,
      72.1,
      72.38,
      72.51,
      74.09,
      74.19,
      73.27,
      73.3,
      73.83,
      74.33,
      73.73,
      73.28,
      73.88,
      73.66,
      74.85,
      72.95,
      72.78,
      74.81,
      72.57,
      72.84,
      72.94,
      73.57,
      73.7
    ]
  }
}