{
  "config": {
    "run_name": "exp1_1",
    "out_dir": "./results",
    "seed": 42,
    "device": null,
    "bs_train": 128,
    "bs_test": 32,
    "batches": 100,
    "epochs": 100,
    "early_stopping": 8,
    "checkpoints": null,
    "lr": 0.001,
    "reg": 0.001,
    "filters_per_layer": [
      64
    ],
    "layers_per_block": 8,
    "pool_every": 4,
    "hidden_dims": [
      100
    ],
    "model_type": "cnn",
    "kw": {}
  },
  "results": {
    "num_epochs": 23,
    "train_loss": [
      1.5987515449523926,
      1.146310567855835,
      0.9580314755439758,
      0.8540248870849609,
      0.7777702808380127,
      0.7129775881767273,
      0.6552083492279053,
      0.6092113852500916,
      0.554227352142334,
      0.5159591436386108,
      0.4644746780395508,
      0.4371929466724396,
      0.39643582701683044,
      0.37715643644332886,
      0.3456336259841919,
      0.3199993371963501,
      0.30048274993896484,
      0.28168410062789917,
      0.2696093022823334,
      0.25680917501449585,
      0.2444048970937729,
      0.24422506988048553,
      0.2418976128101349
    ],
    "train_acc": [
      44.664,
      63.236,
      70.658,
      74.594,
      77.61,
      80.308,
      82.692,
      84.51,
      86.594,
      88.314,
      90.03,
      91.19,
      92.732,
      93.624,
      94.682,
      95.512,
      96.244,
      96.814,
      97.14,
      97.402,
      97.91,
      97.906,
      97.954
    ],
    "test_loss": [
      1.2419553995132446,
      1.0367720127105713,
      0.9765627980232239,
      0.9400812983512878,
      0.8862203359603882,
      0.9040560126304626,
      0.865424394607544,
      0.8281100392341614,
      0.8559771776199341,
      0.8673588633537292,
      0.8526216149330139,
      0.8660724759101868,
      0.8901835083961487,
      0.8806357979774475,
      0.8625641465187073,
      0.900589108467102,
      0.8996938467025757,
      0.9456397891044617,
      0.9782289862632751,
      0.9508466124534607,
      0.9752333760261536,
      0.9874070286750793,
      0.982151210308075
    ],
    "test_acc": [
      56.02,
      64.05,
      65.92,
      67.35,
      69.44,
      69.11,
      69.86,
      71.56,
      70.12,
      70.8,
      70.69,
      71.17,
      70.91,
      70.47,
      72.47,
      71.85,
      71.27,
      70.51,
      70.42,
      71.32,
      71.35,
      70.01,
      71.43
    ]
  }
}