{
  "config": {
    "run_name": "exp1_2",
    "out_dir": "./results",
    "seed": 42,
    "device": null,
    "bs_train": 128,
    "bs_test": 32,
    "batches": 100,
    "epochs": 100,
    "early_stopping": 8,
    "checkpoints": null,
    "lr": 0.001,
    "reg": 0.001,
    "filters_per_layer": [
      32
    ],
    "layers_per_block": 8,
    "pool_every": 4,
    "hidden_dims": [
      100
    ],
    "model_type": "cnn",
    "kw": {}
  },
  "results": {
    "num_epochs": 25,
    "train_loss": [
      1.637373685836792,
      1.182756781578064,
      0.9869495630264282,
      0.8823656439781189,
      0.7919681668281555,
      0.7169058918952942,
      0.654402494430542,
      0.5987264513969421,
      0.5455933809280396,
      0.4942821264266968,
      0.45190858840942383,
      0.4073009490966797,
      0.3761296272277832,
      0.33586448431015015,
      0.30297401547431946,
      0.28622525930404663,
      0.2548615336418152,
      0.24573619663715363,
      0.22553180158138275,
      0.21313345432281494,
      0.2027040719985962,
      0.20295704901218414,
      0.192483052611351,
      0.18503786623477936,
      0.16907121241092682
    ],
    "train_acc": [
      42.51,
      60.596,
      68.218,
      71.928,
      75.35,
      78.268,
      80.624,
      82.918,
      84.978,
      87.196,
      88.948,
      90.634,
      91.876,
      93.256,
      94.472,
      95.302,
      96.282,
      96.684,
      97.338,
      97.688,
      98.06,
      98.032,
      98.26,
      98.524,
      98.79
    ],
    "test_loss": [
      1.2861168384552002,
      1.105452299118042,
      0.9942197799682617,
      0.9375774264335632,
      0.9409699440002441,
      0.8735338449478149,
      0.898676872253418,
      0.878649890422821,
      0.8933668732643127,
      0.8773526549339294,
      0.8949655294418335,
      0.9018744826316833,
      0.9110443592071533,
      0.9378869533538818,
      0.9634855389595032,
      0.9791181683540344,
      0.9665014147758484,
      1.0248442888259888,
      1.014532208442688,
      0.9960036277770996,
      1.065201759338379,
      1.0349797010421753,
      1.0586153268814087,
      1.0405302047729492,
      1.0495386123657227
    ],
    "test_acc": [
      54.62,
      60.98,
      65.48,
      67.26,
      67.02,
      69.74,
      68.66,
      70.02,
      69.4,
      70.52,
      70.25,
      70.6,
      70.14,
      70.09,
      70.02,
      70.3,
      70.68,
      69.01,
      70.06,
      70.37,
      68.92,
      69.78,
      69.37,
      70.29,
      69.91
    ]
  }
}