{
  "config": {
    "run_name": "exp1_2",
    "out_dir": "./results",
    "seed": 42,
    "device": null,
    "bs_train": 128,
    "bs_test": 32,
    "batches": 100,
    "epochs": 100,
    "early_stopping": 8,
    "checkpoints": null,
    "lr": 0.001,
    "reg": 0.001,
    "filters_per_layer": [
      128
    ],
    "layers_per_block": 8,
    "pool_every": 4,
    "hidden_dims": [
      100
    ],
    "model_type": "cnn",
    "kw": {}
  },
  "results": {
    "num_epochs": 14,
    "train_loss": [
      2.3272414207458496,
      2.3113460540771484,
      2.310149669647217,
      2.310228109359741,
      2.3085930347442627,
      2.309845209121704,
      2.3081119060516357,
      2.3110320568084717,
      2.310905694961548,
      2.3109068870544434,
      2.309526205062866,
      2.3114888668060303,
      2.3118960857391357,
      2.3095171451568604
    ],
    "train_acc": [
      10.46,
      10.38,
      10.468,
      10.456,
      10.882,
      10.642,
      10.608,
      10.482,
      10.414,
      10.384,
      10.288,
      10.502,
      10.262,
      10.83
    ],
    "test_loss": [
      2.3087399005889893,
      2.3098034858703613,
      2.3062376976013184,
      2.3074400424957275,
      2.3053290843963623,
      2.3105385303497314,
      2.3118834495544434,
      2.3070027828216553,
      2.3052587509155273,
      2.305962085723877,
      2.3342232704162598,
      2.3122315406799316,
      2.3151345252990723,
      2.3107569217681885
    ],
    "test_acc": [
      10.0,
      10.0,
      10.0,
      10.0,
      9.74,
      10.74,
      10.01,
      10.0,
      10.0,
      10.0,
      10.0,
      10.0,
      10.03,
      9.52
    ]
  }
}